RGI_ID,Calibration_Method,MB_Geodetic,Temp_Bias,Prcp_Fac,melt_f,reference_period,Calibration_Success,MB_Model
RGI60-13.04960,geodetic_temp_bias,-452.7,-0.1724087712465852,3.371339178036039,6.031009097708985,2000-01-01_2020-01-01,True,
RGI60-13.05000,geodetic_temp_bias,-92.5,-0.1724087712465852,3.371339178036039,5.057158649735548,2000-01-01_2020-01-01,True,
RGI60-13.30140,geodetic_temp_bias,-307.5,-5.625618264091382,4.465705248140563,5.20204345143374,2000-01-01_2020-01-01,True,
RGI60-13.30161,geodetic_temp_bias,-147.7,-5.625618264091382,6.698557872210844,4.876522335375554,2000-01-01_2020-01-01,True,
RGI60-13.30164,geodetic_temp_bias,-102.4,-5.625618264091382,6.642647128432735,5.0,2000-01-01_2020-01-01,True,
RGI60-13.30173,geodetic_temp_bias,-408.2,-5.625618264091382,4.465705248140563,5.946714777820766,2000-01-01_2020-01-01,True,
RGI60-13.30237,geodetic_temp_bias,-419.20000000000005,-5.625618264091382,5.50291691971762,5.0,2000-01-01_2020-01-01,True,
RGI60-13.30247,geodetic_temp_bias,-12.3,-5.625618264091382,6.698557872210844,4.58310433049259,2000-01-01_2020-01-01,True,
RGI60-13.30286,geodetic_temp_bias,-1098.4,-3.721268426209654,3.8647938174980396,10.609230621581622,2000-01-01_2020-01-01,True,
RGI60-13.30295,geodetic_temp_bias,-258.7,-3.721268426209654,3.8647938174980396,6.186232020336055,2000-01-01_2020-01-01,True,
RGI60-13.30305,geodetic_temp_bias,-383.79999999999995,-5.625618264091382,6.698557872210844,4.111193440182733,2000-01-01_2020-01-01,True,
RGI60-13.30330,geodetic_temp_bias,-443.2,-3.1124873244640097,6.259578287708213,5.0,2000-01-01_2020-01-01,True,
RGI60-13.30337,geodetic_temp_bias,-406.0,-4.541201984319053,6.875062097819733,3.8292471861588644,2000-01-01_2020-01-01,True,
RGI60-13.30339,geodetic_temp_bias,-230.4,-4.541201984319053,4.583374731879823,6.19222807460032,2000-01-01_2020-01-01,True,
RGI60-13.30346,geodetic_temp_bias,-506.6,-4.541201984319053,6.875062097819733,3.264687303235931,2000-01-01_2020-01-01,True,
RGI60-13.30350,geodetic_temp_bias,-265.29999999999995,-4.541201984319053,5.40422440805352,5.0,2000-01-01_2020-01-01,True,
RGI60-13.30358,geodetic_temp_bias,-361.9,-4.541201984319053,6.875062097819733,1.650992594422112,2000-01-01_2020-01-01,True,
RGI60-13.30366,geodetic_temp_bias,182.5,-4.541201984319053,6.875062097819733,2.1558724929877515,2000-01-01_2020-01-01,True,
RGI60-13.30379,geodetic_temp_bias,-526.2,-4.541201984319053,6.875062097819733,4.066155028507286,2000-01-01_2020-01-01,True,
RGI60-13.30384,geodetic_temp_bias,-221.29999999999998,-3.721268426209654,3.8647938174980396,11.01457911263152,2000-01-01_2020-01-01,True,
RGI60-13.30399,geodetic_temp_bias,-448.7,-3.1124873244640097,6.389282678294051,3.387588395605328,2000-01-01_2020-01-01,True,
RGI60-13.30401,geodetic_temp_bias,-396.3,-3.1124873244640097,6.389282678294051,4.496984171676436,2000-01-01_2020-01-01,True,
RGI60-13.30407,geodetic_temp_bias,-367.0,-3.1124873244640097,6.389282678294051,2.703653247897641,2000-01-01_2020-01-01,True,
RGI60-13.30416,geodetic_temp_bias,-394.5,-3.1124873244640097,6.389282678294051,3.561640395590369,2000-01-01_2020-01-01,True,
RGI60-13.30417,geodetic_temp_bias,-528.5999999999999,-3.1124873244640097,6.389282678294051,3.6675108373258287,2000-01-01_2020-01-01,True,
RGI60-13.30420,geodetic_temp_bias,-305.8,-3.1124873244640097,5.659224000175592,5.0,2000-01-01_2020-01-01,True,
RGI60-13.30421,geodetic_temp_bias,-168.0,-3.1124873244640097,4.259521785529368,6.902830538165951,2000-01-01_2020-01-01,True,
RGI60-13.30654,geodetic_temp_bias,-338.8,-3.1124873244640097,6.389282678294051,4.55906762876537,2000-01-01_2020-01-01,True,
RGI60-13.30692,geodetic_temp_bias,-489.09999999999997,-3.1124873244640097,6.389282678294051,4.754851982130706,2000-01-01_2020-01-01,True,
RGI60-13.30710,geodetic_temp_bias,-150.2,-3.1124873244640097,4.632966157369705,5.0,2000-01-01_2020-01-01,True,
RGI60-13.30774,geodetic_temp_bias,-331.7,-4.513840972913224,5.830317420446621,5.0,2000-01-01_2020-01-01,True,
RGI60-13.30783,geodetic_temp_bias,-714.5,-4.513840972913224,5.917184656509789,4.535972515722094,2000-01-01_2020-01-01,True,
RGI60-13.30803,geodetic_temp_bias,-568.6,-4.513840972913224,5.917184656509789,4.515191225305831,2000-01-01_2020-01-01,True,
RGI60-13.30835,geodetic_temp_bias,-686.4,-4.513840972913224,5.340117726973466,5.0,2000-01-01_2020-01-01,True,
RGI60-13.30859,geodetic_temp_bias,-535.2,-3.1124873244640097,4.767383310701809,5.0,2000-01-01_2020-01-01,True,
RGI60-13.30888,geodetic_temp_bias,-329.90000000000003,-4.513840972913224,5.917184656509789,4.348673667260989,2000-01-01_2020-01-01,True,
RGI60-13.30913,geodetic_temp_bias,-447.6,-4.513840972913224,5.917184656509789,3.3273187302065352,2000-01-01_2020-01-01,True,
RGI60-13.30938,geodetic_temp_bias,-326.79999999999995,-4.513840972913224,5.616202502920502,5.0,2000-01-01_2020-01-01,True,
RGI60-13.30951,geodetic_temp_bias,-350.5,-4.513840972913224,5.643065392845633,5.0,2000-01-01_2020-01-01,True,
RGI60-13.31047,geodetic_temp_bias,-139.7,-2.430762975442008,5.297066084744976,3.4992228594012973,2000-01-01_2020-01-01,True,
RGI60-13.31079,geodetic_temp_bias,-363.4,-2.430762975442008,5.297066084744976,3.676027673194664,2000-01-01_2020-01-01,True,
RGI60-13.31095,geodetic_temp_bias,-244.9,-2.430762975442008,5.297066084744976,3.137807947131525,2000-01-01_2020-01-01,True,
RGI60-13.31112,geodetic_temp_bias,-507.29999999999995,-2.430762975442008,5.297066084744976,4.019561635229859,2000-01-01_2020-01-01,True,
RGI60-13.31114,geodetic_temp_bias,-193.39999999999998,-2.430762975442008,5.297066084744976,4.0781029531320865,2000-01-01_2020-01-01,True,
RGI60-13.31116,geodetic_temp_bias,-376.40000000000003,-2.430762975442008,5.297066084744976,3.182727414666749,2000-01-01_2020-01-01,True,
RGI60-13.31120,geodetic_temp_bias,-296.8,-2.430762975442008,5.297066084744976,3.265473998043741,2000-01-01_2020-01-01,True,
RGI60-13.31151,geodetic_temp_bias,-436.0,-2.430762975442008,5.297066084744976,3.873035987607157,2000-01-01_2020-01-01,True,
RGI60-13.31193,geodetic_temp_bias,-150.5,-0.1724087712465852,3.501249078036306,5.0,2000-01-01_2020-01-01,True,
RGI60-13.31201,geodetic_temp_bias,-83.2,-0.1724087712465852,4.097947472625496,5.0,2000-01-01_2020-01-01,True,
RGI60-13.31210,geodetic_temp_bias,-40.2,-0.1724087712465852,5.057008767054058,3.5669214697055467,2000-01-01_2020-01-01,True,
RGI60-13.31227,geodetic_temp_bias,-131.1,-0.1724087712465852,5.057008767054058,4.19471139913985,2000-01-01_2020-01-01,True,
RGI60-13.31255,geodetic_temp_bias,-90.80000000000001,-0.1724087712465852,5.057008767054058,4.783965272128681,2000-01-01_2020-01-01,True,
RGI60-13.43308,geodetic_temp_bias,-189.79999999999998,-0.1724087712465852,3.371339178036039,8.387644916644666,2000-01-01_2020-01-01,True,
RGI60-13.43355,geodetic_temp_bias,-238.1,-0.1724087712465852,3.371339178036039,8.692352885509894,2000-01-01_2020-01-01,True,
RGI60-13.43388,geodetic_temp_bias,-217.4,-2.430762975442008,4.257064541525704,5.0,2000-01-01_2020-01-01,True,
RGI60-13.43396,geodetic_temp_bias,-239.7,-1.7632498519360043,3.5313773898299843,17.0,2000-01-01_2020-01-01,True,
RGI60-13.43398,geodetic_temp_bias,-277.6,-3.441515374434184,4.412933413834499,10.300845256246387,2000-01-01_2020-01-01,True,
RGI60-13.43400,geodetic_temp_bias,-371.0,-2.6872457858212915,4.412933413834499,17.0,2000-01-01_2020-01-01,True,
RGI60-13.43402,geodetic_temp_bias,-37.6,-3.441515374434184,5.1969728996034785,5.0,2000-01-01_2020-01-01,True,
RGI60-13.43407,geodetic_temp_bias,-304.59999999999997,-3.441515374434184,4.412933413834499,6.860206449151283,2000-01-01_2020-01-01,True,
RGI60-13.43420,geodetic_temp_bias,89.89999999999999,-3.441515374434184,5.616379497836642,5.0,2000-01-01_2020-01-01,True,
RGI60-13.43422,geodetic_temp_bias,-160.89999999999998,-3.441515374434184,6.619400120751748,4.2280280352944075,2000-01-01_2020-01-01,True,
RGI60-13.43423,geodetic_temp_bias,-274.3,-3.441515374434184,6.360215028716969,5.0,2000-01-01_2020-01-01,True,
RGI60-13.43424,geodetic_temp_bias,-121.89999999999999,-3.441515374434184,6.619400120751748,4.985203496193366,2000-01-01_2020-01-01,True,
RGI60-13.43425,geodetic_temp_bias,-55.5,-2.430762975442008,3.5313773898299843,7.22931287287531,2000-01-01_2020-01-01,True,
RGI60-13.43426,geodetic_temp_bias,476.2,-2.430762975442008,4.259735632040063,5.0,2000-01-01_2020-01-01,True,
RGI60-13.43427,geodetic_temp_bias,-203.1,-2.430762975442008,5.297066084744976,4.452421702582355,2000-01-01_2020-01-01,True,
RGI60-13.43428,geodetic_temp_bias,-239.0,-2.379095162587798,3.5313773898299843,17.0,2000-01-01_2020-01-01,True,
RGI60-13.43429,geodetic_temp_bias,-280.2,-2.4006959653566953,3.5313773898299843,17.0,2000-01-01_2020-01-01,True,
RGI60-13.43430,geodetic_temp_bias,-324.5,-2.430762975442008,3.5313773898299843,13.533282320897783,2000-01-01_2020-01-01,True,
RGI60-13.43431,geodetic_temp_bias,95.8,-2.221914995117184,3.5313773898299843,17.0,2000-01-01_2020-01-01,True,
RGI60-13.43432,geodetic_temp_bias,-53.0,-2.430762975442008,3.5313773898299843,15.0881300207825,2000-01-01_2020-01-01,True,
RGI60-13.43433,geodetic_temp_bias,-87.0,-2.430762975442008,4.192083757833634,5.0,2000-01-01_2020-01-01,True,
RGI60-13.43434,geodetic_temp_bias,377.3,-2.430762975442008,5.297066084744976,3.2913506179726593,2000-01-01_2020-01-01,True,
RGI60-13.43435,geodetic_temp_bias,-285.6,-2.430762975442008,3.5313773898299843,14.535913433458363,2000-01-01_2020-01-01,True,
RGI60-13.43436,geodetic_temp_bias,151.7,-2.430762975442008,3.726942453094735,5.0,2000-01-01_2020-01-01,True,
RGI60-13.43437,geodetic_temp_bias,214.4,-2.430762975442008,3.5313773898299843,7.729721825288258,2000-01-01_2020-01-01,True,
RGI60-13.43438,geodetic_temp_bias,607.4000000000001,-2.430762975442008,5.297066084744976,3.3755620967991007,2000-01-01_2020-01-01,True,
RGI60-13.43439,geodetic_temp_bias,-237.3,-2.430762975442008,3.5313773898299843,12.434338435392233,2000-01-01_2020-01-01,True,
RGI60-13.43440,geodetic_temp_bias,-12.5,-3.441515374434184,6.619400120751748,3.5559763136062372,2000-01-01_2020-01-01,True,
RGI60-13.43441,geodetic_temp_bias,156.1,-1.8647115420740985,3.5313773898299843,17.0,2000-01-01_2020-01-01,True,
RGI60-13.43442,geodetic_temp_bias,-204.65888913841167,-2.430762975442008,3.5313773898299843,11.30842285327093,2000-01-01_2020-01-01,True,
RGI60-13.43443,geodetic_temp_bias,-204.65888913841167,-2.430762975442008,3.5313773898299843,5.596876587837897,2000-01-01_2020-01-01,True,
RGI60-13.43444,geodetic_temp_bias,234.1,-3.441515374434184,4.412933413834499,11.336914597125421,2000-01-01_2020-01-01,True,
RGI60-13.43445,geodetic_temp_bias,312.3,-3.441515374434184,5.18241161392304,5.0,2000-01-01_2020-01-01,True,
RGI60-13.43446,geodetic_temp_bias,-59.6,-2.430762975442008,5.297066084744976,4.754683825829272,2000-01-01_2020-01-01,True,
RGI60-13.43447,geodetic_temp_bias,-38.1,-2.430762975442008,5.1538356525852675,5.0,2000-01-01_2020-01-01,True,
RGI60-13.43448,geodetic_temp_bias,99.3,-2.430762975442008,5.297066084744976,3.502102085368974,2000-01-01_2020-01-01,True,
RGI60-13.43449,geodetic_temp_bias,-204.65888913841167,-1.607224711700785,3.5313773898299843,17.0,2000-01-01_2020-01-01,True,
RGI60-13.43450,geodetic_temp_bias,1053.8000000000002,-2.430762975442008,5.297066084744976,2.061340391499344,2000-01-01_2020-01-01,True,
RGI60-13.43451,geodetic_temp_bias,353.8,-2.430762975442008,5.297066084744976,2.959703343821584,2000-01-01_2020-01-01,True,
RGI60-13.43452,geodetic_temp_bias,-420.70000000000005,-2.430762975442008,3.5313773898299843,15.87207740791785,2000-01-01_2020-01-01,True,
RGI60-13.43453,geodetic_temp_bias,-191.0,-3.441515374434184,6.0167541699640825,5.0,2000-01-01_2020-01-01,True,
RGI60-13.43454,geodetic_temp_bias,-288.4,-2.430762975442008,5.297066084744976,4.874055865785541,2000-01-01_2020-01-01,True,
RGI60-13.43455,geodetic_temp_bias,-124.5,-2.430762975442008,3.5313773898299843,5.840045392019472,2000-01-01_2020-01-01,True,
RGI60-13.43456,geodetic_temp_bias,235.6,-3.441515374434184,6.619400120751748,4.8419757496451865,2000-01-01_2020-01-01,True,
RGI60-13.43457,geodetic_temp_bias,232.6,-3.441515374434184,6.619400120751748,3.8271214251966046,2000-01-01_2020-01-01,True,
RGI60-13.43458,geodetic_temp_bias,-216.4,-2.967816819306096,4.412933413834499,17.0,2000-01-01_2020-01-01,True,
RGI60-13.43459,geodetic_temp_bias,-92.3,-3.441515374434184,4.704627570686007,5.0,2000-01-01_2020-01-01,True,
RGI60-13.43460,geodetic_temp_bias,-182.79999999999998,-3.441515374434184,4.709603480290599,5.0,2000-01-01_2020-01-01,True,
RGI60-13.43461,geodetic_temp_bias,-268.2,-2.430762975442008,3.5313773898299843,8.601381779766388,2000-01-01_2020-01-01,True,
RGI60-13.43462,geodetic_temp_bias,-40.9,-3.441515374434184,5.421690871183819,5.0,2000-01-01_2020-01-01,True,
RGI60-13.43463,geodetic_temp_bias,81.19999999999999,-2.430762975442008,5.115862680430435,5.0,2000-01-01_2020-01-01,True,
RGI60-13.43464,geodetic_temp_bias,-199.9,-3.441515374434184,5.651060663189573,5.0,2000-01-01_2020-01-01,True,
RGI60-13.43465,geodetic_temp_bias,-31.2,-3.441515374434184,6.619400120751748,2.77308419036032,2000-01-01_2020-01-01,True,
RGI60-13.43466,geodetic_temp_bias,38.199999999999996,-3.441515374434184,4.412933413834499,5.1950148346148435,2000-01-01_2020-01-01,True,
RGI60-13.43467,geodetic_temp_bias,22.599999999999998,-2.430762975442008,5.297066084744976,2.932201419150644,2000-01-01_2020-01-01,True,
RGI60-13.43468,geodetic_temp_bias,192.70000000000002,-3.441515374434184,6.619400120751748,2.161165704157069,2000-01-01_2020-01-01,True,
RGI60-13.43469,geodetic_temp_bias,-159.5,-2.430762975442008,4.59139251050802,5.0,2000-01-01_2020-01-01,True,
RGI60-13.43470,geodetic_temp_bias,-358.9,-3.441515374434184,4.412933413834499,6.062585033636519,2000-01-01_2020-01-01,True,
RGI60-13.43471,geodetic_temp_bias,26.3,-3.441515374434184,6.619400120751748,2.688513889461422,2000-01-01_2020-01-01,True,
RGI60-13.43472,geodetic_temp_bias,-112.4,-3.1123214759776654,4.412933413834499,17.0,2000-01-01_2020-01-01,True,
RGI60-13.43473,geodetic_temp_bias,33.099999999999994,-3.441515374434184,6.619400120751748,2.904501948617521,2000-01-01_2020-01-01,True,
RGI60-13.43474,geodetic_temp_bias,-251.3,-3.441515374434184,6.595621521827752,5.0,2000-01-01_2020-01-01,True,
RGI60-13.43475,geodetic_temp_bias,-189.29999999999998,-3.441515374434184,6.619400120751748,4.247747883107007,2000-01-01_2020-01-01,True,
RGI60-13.43476,geodetic_temp_bias,-40.2,-3.441515374434184,6.619400120751748,2.7860799662030176,2000-01-01_2020-01-01,True,
RGI60-13.43477,geodetic_temp_bias,-289.0,-3.441515374434184,6.3651970189294005,5.0,2000-01-01_2020-01-01,True,
RGI60-13.43478,geodetic_temp_bias,281.7,-3.441515374434184,6.619400120751748,2.0506834957808304,2000-01-01_2020-01-01,True,
RGI60-13.43479,geodetic_temp_bias,104.3,5.42606963230061,3.371339178036039,17.0,2000-01-01_2020-01-01,True,
RGI60-13.43480,geodetic_temp_bias,-204.65888913841167,5.349196462507589,3.371339178036039,17.0,2000-01-01_2020-01-01,True,
RGI60-13.43481,geodetic_temp_bias,-318.3,0.27303405428024263,3.371339178036039,17.0,2000-01-01_2020-01-01,True,
RGI60-13.43482,geodetic_temp_bias,-204.65888913841167,4.7122346054389475,3.371339178036039,17.0,2000-01-01_2020-01-01,True,
RGI60-13.43483,geodetic_temp_bias,-30.099999999999998,-0.1724087712465852,3.371339178036039,8.267258242328317,2000-01-01_2020-01-01,True,
RGI60-13.43484,geodetic_temp_bias,11.4,2.3057375725367475,3.371339178036039,17.0,2000-01-01_2020-01-01,True,
RGI60-13.43485,geodetic_temp_bias,-223.6,1.2397344110467474,3.371339178036039,17.0,2000-01-01_2020-01-01,True,
RGI60-13.43486,geodetic_temp_bias,63.4,0.5151638174860111,3.371339178036039,17.0,2000-01-01_2020-01-01,True,
RGI60-13.43487,geodetic_temp_bias,1196.3999999999999,1.3761400586757853,3.371339178036039,17.0,2000-01-01_2020-01-01,True,
RGI60-13.43488,geodetic_temp_bias,-1280.8,1.9003077740823195,3.371339178036039,17.0,2000-01-01_2020-01-01,True,
RGI60-13.43489,geodetic_temp_bias,790.9000000000001,2.859061272042671,3.371339178036039,17.0,2000-01-01_2020-01-01,True,
RGI60-13.43490,geodetic_temp_bias,152.0,4.237799262288834,3.371339178036039,17.0,2000-01-01_2020-01-01,True,
RGI60-13.43491,geodetic_temp_bias,366.8,-0.1724087712465852,3.371339178036039,13.108455644359719,2000-01-01_2020-01-01,True,
RGI60-13.43492,geodetic_temp_bias,-204.65888913841167,5.860037049970602,3.371339178036039,17.0,2000-01-01_2020-01-01,True,
RGI60-13.43493,geodetic_temp_bias,59.2,3.16433411367381,3.371339178036039,17.0,2000-01-01_2020-01-01,True,
RGI60-13.43494,geodetic_temp_bias,-218.5,-0.1724087712465852,3.371339178036039,16.761374131610545,2000-01-01_2020-01-01,True,
RGI60-13.43495,geodetic_temp_bias,314.7,-0.1724087712465852,3.371339178036039,14.638367987898766,2000-01-01_2020-01-01,True,
RGI60-13.43496,geodetic_temp_bias,171.8,-0.1724087712465852,3.371339178036039,7.992109866847689,2000-01-01_2020-01-01,True,
RGI60-13.43497,geodetic_temp_bias,-0.6,-0.1724087712465852,3.371339178036039,16.744235498020306,2000-01-01_2020-01-01,True,
RGI60-13.43498,geodetic_temp_bias,223.3,-0.1724087712465852,3.7167135387469283,5.0,2000-01-01_2020-01-01,True,
RGI60-13.43499,geodetic_temp_bias,218.0,0.9470370897927481,3.371339178036039,17.0,2000-01-01_2020-01-01,True,
RGI60-13.43500,geodetic_temp_bias,-377.3,-0.1724087712465852,3.371339178036039,13.076931578287764,2000-01-01_2020-01-01,True,
RGI60-13.43501,geodetic_temp_bias,52.699999999999996,-0.1724087712465852,3.371339178036039,8.296376243130766,2000-01-01_2020-01-01,True,
RGI60-13.43502,geodetic_temp_bias,617.3,0.8669252748756607,3.371339178036039,17.0,2000-01-01_2020-01-01,True,
RGI60-13.43503,geodetic_temp_bias,115.4,-1.3936868587801043,3.5313773898299843,17.0,2000-01-01_2020-01-01,True,
RGI60-13.43504,geodetic_temp_bias,78.60000000000001,-0.6995412951859133,3.5313773898299843,17.0,2000-01-01_2020-01-01,True,
RGI60-13.43505,geodetic_temp_bias,-81.4,-1.7897183216723014,3.5313773898299843,17.0,2000-01-01_2020-01-01,True,
RGI60-13.43506,geodetic_temp_bias,-204.65888913841167,-0.1407769587239078,3.5313773898299843,17.0,2000-01-01_2020-01-01,True,
RGI60-13.43507,geodetic_temp_bias,480.5,-1.7618451411475344,3.5313773898299843,17.0,2000-01-01_2020-01-01,True,
RGI60-13.43508,geodetic_temp_bias,-27.099999999999998,-2.430762975442008,3.5313773898299843,12.204650340791488,2000-01-01_2020-01-01,True,
RGI60-13.43509,geodetic_temp_bias,-145.7,-2.430762975442008,4.120827859072371,5.0,2000-01-01_2020-01-01,True,
RGI60-13.43510,geodetic_temp_bias,-204.65888913841167,-1.0877284073493774,3.5313773898299843,17.0,2000-01-01_2020-01-01,True,
RGI60-13.43511,geodetic_temp_bias,-219.4,-2.430762975442008,3.5313773898299843,5.520399435229648,2000-01-01_2020-01-01,True,
RGI60-13.43512,geodetic_temp_bias,-200.1,-1.6375269574278344,3.5313773898299843,17.0,2000-01-01_2020-01-01,True,
RGI60-13.43513,geodetic_temp_bias,-85.4,-2.430762975442008,3.5313773898299843,5.998811182148806,2000-01-01_2020-01-01,True,
RGI60-13.43514,geodetic_temp_bias,-204.65888913841167,-2.430762975442008,3.5313773898299843,12.566309992798308,2000-01-01_2020-01-01,True,
RGI60-13.43515,geodetic_temp_bias,-277.2,-2.430762975442008,3.5313773898299843,5.447431963595717,2000-01-01_2020-01-01,True,
RGI60-13.43516,geodetic_temp_bias,90.39999999999999,-2.430762975442008,3.5313773898299843,9.966641024971882,2000-01-01_2020-01-01,True,
RGI60-13.43517,geodetic_temp_bias,-442.90000000000003,-2.430762975442008,3.5313773898299843,5.8348408856988225,2000-01-01_2020-01-01,True,
RGI60-13.43518,geodetic_temp_bias,61.400000000000006,-2.430762975442008,5.026538342976786,5.0,2000-01-01_2020-01-01,True,
RGI60-13.43519,geodetic_temp_bias,-24.0,-2.430762975442008,3.5313773898299843,5.769889597202952,2000-01-01_2020-01-01,True,
RGI60-13.43520,geodetic_temp_bias,-53.900000000000006,-2.430762975442008,3.5313773898299843,8.03758856316447,2000-01-01_2020-01-01,True,
RGI60-13.43521,geodetic_temp_bias,12.8,-2.430762975442008,5.297066084744976,4.607074207148354,2000-01-01_2020-01-01,True,
RGI60-13.43522,geodetic_temp_bias,585.0999999999999,-2.430762975442008,4.567755628636607,5.0,2000-01-01_2020-01-01,True,
RGI60-13.43523,geodetic_temp_bias,494.8,-2.430762975442008,5.297066084744976,4.134344648163982,2000-01-01_2020-01-01,True,
RGI60-13.43524,geodetic_temp_bias,-304.3,-2.430762975442008,4.968290171357212,5.0,2000-01-01_2020-01-01,True,
RGI60-13.43525,geodetic_temp_bias,-319.1,-2.430762975442008,5.297066084744976,4.706638348988402,2000-01-01_2020-01-01,True,
RGI60-13.43526,geodetic_temp_bias,-108.60000000000001,-2.430762975442008,5.297066084744976,2.757480432160275,2000-01-01_2020-01-01,True,
RGI60-13.43527,geodetic_temp_bias,164.70000000000002,0.81428364133226,3.371339178036039,17.0,2000-01-01_2020-01-01,True,
RGI60-13.43528,geodetic_temp_bias,-265.0,-0.1724087712465852,3.371339178036039,6.759363580093446,2000-01-01_2020-01-01,True,
RGI60-13.43529,geodetic_temp_bias,131.3,0.6203360215040149,3.371339178036039,17.0,2000-01-01_2020-01-01,True,
RGI60-13.43530,geodetic_temp_bias,-380.59999999999997,1.4652185381407703,3.371339178036039,17.0,2000-01-01_2020-01-01,True,
RGI60-13.43531,geodetic_temp_bias,-257.79999999999995,1.7247370498667187,3.371339178036039,17.0,2000-01-01_2020-01-01,True,
RGI60-13.43532,geodetic_temp_bias,-52.400000000000006,0.195903395049292,3.371339178036039,17.0,2000-01-01_2020-01-01,True,
RGI60-13.43533,geodetic_temp_bias,117.8,0.48560234920866874,3.371339178036039,17.0,2000-01-01_2020-01-01,True,
RGI60-13.43534,geodetic_temp_bias,-47.5,-0.1724087712465852,3.371339178036039,16.423705072821658,2000-01-01_2020-01-01,True,
RGI60-13.43535,geodetic_temp_bias,-187.20000000000002,0.4641459895879395,3.371339178036039,17.0,2000-01-01_2020-01-01,True,
RGI60-13.43536,geodetic_temp_bias,-15.7,-0.1724087712465852,3.371339178036039,16.003119418997095,2000-01-01_2020-01-01,True,
RGI60-13.43537,geodetic_temp_bias,-154.9,-0.08427492616037473,3.371339178036039,17.0,2000-01-01_2020-01-01,True,
RGI60-13.43538,geodetic_temp_bias,-74.39999999999999,1.3247917401980962,3.371339178036039,17.0,2000-01-01_2020-01-01,True,
RGI60-13.43539,geodetic_temp_bias,-176.2,0.18415446150811376,3.371339178036039,17.0,2000-01-01_2020-01-01,True,
RGI60-13.43540,geodetic_temp_bias,-512.9,-0.1724087712465852,3.371339178036039,7.879641420270258,2000-01-01_2020-01-01,True,
RGI60-13.43541,geodetic_temp_bias,-102.8,-2.430762975442008,3.805348586313154,5.0,2000-01-01_2020-01-01,True,
RGI60-13.43542,geodetic_temp_bias,-96.19999999999999,-2.430762975442008,3.9254105338109153,5.0,2000-01-01_2020-01-01,True,
RGI60-13.43543,geodetic_temp_bias,-100.8,-1.259451695299192,3.5313773898299843,17.0,2000-01-01_2020-01-01,True,
RGI60-13.43544,geodetic_temp_bias,-465.3,-2.430762975442008,3.5313773898299843,5.515269135740794,2000-01-01_2020-01-01,True,
RGI60-13.43545,geodetic_temp_bias,160.70000000000002,-2.430762975442008,3.758451851081804,5.0,2000-01-01_2020-01-01,True,
RGI60-13.43546,geodetic_temp_bias,-29.5,-2.430762975442008,4.150664956709021,5.0,2000-01-01_2020-01-01,True,
RGI60-13.43547,geodetic_temp_bias,-185.4,-2.430762975442008,3.562328059097328,5.0,2000-01-01_2020-01-01,True,
RGI60-13.43548,geodetic_temp_bias,197.0,-2.430762975442008,3.5313773898299843,7.76854298070317,2000-01-01_2020-01-01,True,
RGI60-13.43549,geodetic_temp_bias,-80.10000000000001,-2.430762975442008,4.372187096624725,5.0,2000-01-01_2020-01-01,True,
RGI60-13.43550,geodetic_temp_bias,-230.4,-2.430762975442008,3.5922937694558934,5.0,2000-01-01_2020-01-01,True,
RGI60-13.43551,geodetic_temp_bias,-34.0,-2.430762975442008,3.5313773898299843,9.15991164109905,2000-01-01_2020-01-01,True,
RGI60-13.43552,geodetic_temp_bias,385.29999999999995,-2.430762975442008,5.297066084744976,4.5747258386422125,2000-01-01_2020-01-01,True,
RGI60-13.43553,geodetic_temp_bias,156.70000000000002,-2.430762975442008,3.5313773898299843,5.010456879358242,2000-01-01_2020-01-01,True,
RGI60-13.43554,geodetic_temp_bias,-58.5,-2.430762975442008,3.5313773898299843,7.02058920980316,2000-01-01_2020-01-01,True,
RGI60-13.43555,geodetic_temp_bias,-204.65888913841167,-2.430762975442008,3.5313773898299843,5.056735049605296,2000-01-01_2020-01-01,True,
RGI60-13.43556,geodetic_temp_bias,-60.8,-2.430762975442008,3.5313773898299843,9.802757434559467,2000-01-01_2020-01-01,True,
RGI60-13.43557,geodetic_temp_bias,-204.65888913841167,-1.6973525103126752,3.5313773898299843,17.0,2000-01-01_2020-01-01,True,
RGI60-13.43558,geodetic_temp_bias,-204.65888913841167,-0.7739192385560316,3.5313773898299843,17.0,2000-01-01_2020-01-01,True,
RGI60-13.43559,geodetic_temp_bias,-179.4,-2.378897841369754,3.5313773898299843,17.0,2000-01-01_2020-01-01,True,
RGI60-13.43560,geodetic_temp_bias,-401.7,-2.430762975442008,3.5313773898299843,9.219146981823231,2000-01-01_2020-01-01,True,
RGI60-13.43561,geodetic_temp_bias,-87.0,-2.430762975442008,3.5313773898299843,6.397198716421493,2000-01-01_2020-01-01,True,
RGI60-13.43562,geodetic_temp_bias,-93.0,-0.6266077245692546,3.5313773898299843,17.0,2000-01-01_2020-01-01,True,
RGI60-13.43563,geodetic_temp_bias,186.79999999999998,-2.430762975442008,3.5313773898299843,5.282017779724976,2000-01-01_2020-01-01,True,
RGI60-13.43564,geodetic_temp_bias,-251.0,-2.430762975442008,3.5313773898299843,13.683652635982462,2000-01-01_2020-01-01,True,
RGI60-13.43565,geodetic_temp_bias,13.899999999999999,-2.430762975442008,3.5313773898299843,6.973469244008131,2000-01-01_2020-01-01,True,
RGI60-13.43566,geodetic_temp_bias,305.8,-2.430762975442008,3.5313773898299843,8.428784304166626,2000-01-01_2020-01-01,True,
RGI60-13.43567,geodetic_temp_bias,28.1,-2.430762975442008,3.5313773898299843,12.342924964541783,2000-01-01_2020-01-01,True,
RGI60-13.43568,geodetic_temp_bias,-108.2,-2.430762975442008,3.5313773898299843,5.0802501545429894,2000-01-01_2020-01-01,True,
RGI60-13.43569,geodetic_temp_bias,-43.1,-2.430762975442008,3.5313773898299843,6.817359179900224,2000-01-01_2020-01-01,True,
RGI60-13.43570,geodetic_temp_bias,-248.70000000000002,-2.430762975442008,3.5313773898299843,8.530458731768281,2000-01-01_2020-01-01,True,
RGI60-13.43571,geodetic_temp_bias,-369.09999999999997,-2.430762975442008,3.5313773898299843,8.709841226921176,2000-01-01_2020-01-01,True,
RGI60-13.43572,geodetic_temp_bias,-2.2,-2.285297286421672,3.5313773898299843,17.0,2000-01-01_2020-01-01,True,
RGI60-13.43573,geodetic_temp_bias,453.79999999999995,-2.430762975442008,3.5313773898299843,8.251332376030827,2000-01-01_2020-01-01,True,
RGI60-13.43574,geodetic_temp_bias,-275.4,-2.430762975442008,3.5313773898299843,8.359637510033743,2000-01-01_2020-01-01,True,
RGI60-13.43575,geodetic_temp_bias,-481.2,-0.9821870107829852,3.5313773898299843,17.0,2000-01-01_2020-01-01,True,
RGI60-13.43576,geodetic_temp_bias,58.2,-2.430762975442008,3.5313773898299843,5.8513312478364,2000-01-01_2020-01-01,True,
RGI60-13.43577,geodetic_temp_bias,-111.8,-2.430762975442008,3.5313773898299843,9.227762007174217,2000-01-01_2020-01-01,True,
RGI60-13.43578,geodetic_temp_bias,-50.2,-2.430762975442008,3.9590263888204618,5.0,2000-01-01_2020-01-01,True,
RGI60-13.43579,geodetic_temp_bias,-140.2,-2.430762975442008,3.5313773898299843,9.76503522719374,2000-01-01_2020-01-01,True,
RGI60-13.43580,geodetic_temp_bias,329.2,-2.430762975442008,4.322704099460538,5.0,2000-01-01_2020-01-01,True,
RGI60-13.43581,geodetic_temp_bias,244.0,-2.430762975442008,3.5313773898299843,6.56469057366177,2000-01-01_2020-01-01,True,
RGI60-13.43582,geodetic_temp_bias,-156.9,-2.430762975442008,3.613369649302025,5.0,2000-01-01_2020-01-01,True,
RGI60-13.43583,geodetic_temp_bias,-116.2,-2.430762975442008,4.469299584423952,5.0,2000-01-01_2020-01-01,True,
RGI60-13.43584,geodetic_temp_bias,150.2,-2.430762975442008,3.5313773898299843,5.4402740539000956,2000-01-01_2020-01-01,True,
RGI60-13.43585,geodetic_temp_bias,-906.0,-2.430762975442008,3.5313773898299843,7.006139128486666,2000-01-01_2020-01-01,True,
RGI60-13.43586,geodetic_temp_bias,-193.20000000000002,-2.430762975442008,3.5313773898299843,6.99581572787637,2000-01-01_2020-01-01,True,
RGI60-13.43587,geodetic_temp_bias,-55.7,-2.0641916191357392,3.5313773898299843,17.0,2000-01-01_2020-01-01,True,
RGI60-13.43588,geodetic_temp_bias,-120.1,-2.430762975442008,5.297066084744976,4.040212850429296,2000-01-01_2020-01-01,True,
RGI60-13.43589,geodetic_temp_bias,25.5,-2.430762975442008,3.7657282011150874,5.0,2000-01-01_2020-01-01,True,
RGI60-13.43590,geodetic_temp_bias,383.1,-2.430762975442008,5.297066084744976,2.566267675183181,2000-01-01_2020-01-01,True,
RGI60-13.43591,geodetic_temp_bias,-136.1,-2.430762975442008,3.5313773898299843,5.387189196306924,2000-01-01_2020-01-01,True,
RGI60-13.43592,geodetic_temp_bias,-578.0,-2.24808040826343,3.5313773898299843,17.0,2000-01-01_2020-01-01,True,
RGI60-13.43593,geodetic_temp_bias,16.9,-2.430762975442008,5.297066084744976,4.370943607684691,2000-01-01_2020-01-01,True,
RGI60-13.43594,geodetic_temp_bias,1064.8,-2.430762975442008,5.297066084744976,4.961830347775091,2000-01-01_2020-01-01,True,
RGI60-13.43595,geodetic_temp_bias,827.4,-2.430762975442008,5.297066084744976,1.9897461506960652,2000-01-01_2020-01-01,True,
RGI60-13.43596,geodetic_temp_bias,-357.5,-2.430762975442008,4.8599614968481974,5.0,2000-01-01_2020-01-01,True,
RGI60-13.43597,geodetic_temp_bias,-392.29999999999995,-2.430762975442008,3.5313773898299843,6.414440620065625,2000-01-01_2020-01-01,True,
RGI60-13.43598,geodetic_temp_bias,-5.6,-2.430762975442008,5.297066084744976,3.6582596762725865,2000-01-01_2020-01-01,True,
RGI60-13.43599,geodetic_temp_bias,-620.5,-2.430762975442008,3.5313773898299843,7.11890606924704,2000-01-01_2020-01-01,True,
RGI60-13.43600,geodetic_temp_bias,-777.3,-2.430762975442008,3.5313773898299843,6.5360900975448315,2000-01-01_2020-01-01,True,
RGI60-13.43601,geodetic_temp_bias,-222.39999999999998,-2.430762975442008,3.5313773898299843,6.866561646810601,2000-01-01_2020-01-01,True,
RGI60-13.43602,geodetic_temp_bias,74.39999999999999,-2.430762975442008,3.5313773898299843,10.762955848140246,2000-01-01_2020-01-01,True,
RGI60-13.43603,geodetic_temp_bias,-313.40000000000003,-2.430762975442008,3.5313773898299843,6.632714445153201,2000-01-01_2020-01-01,True,
RGI60-13.43604,geodetic_temp_bias,-565.9,-2.430762975442008,5.010845176333062,5.0,2000-01-01_2020-01-01,True,
RGI60-13.43605,geodetic_temp_bias,-359.5,-2.430762975442008,3.5313773898299843,6.627857582368589,2000-01-01_2020-01-01,True,
RGI60-13.43606,geodetic_temp_bias,-248.4,-2.430762975442008,4.510022584188988,5.0,2000-01-01_2020-01-01,True,
RGI60-13.43607,geodetic_temp_bias,-11.2,-2.430762975442008,3.5313773898299843,12.067887979707292,2000-01-01_2020-01-01,True,
RGI60-13.43608,geodetic_temp_bias,64.5,-2.430762975442008,5.297066084744976,3.7987723283207013,2000-01-01_2020-01-01,True,
RGI60-13.43609,geodetic_temp_bias,-225.70000000000002,-2.430762975442008,3.5313773898299843,7.526111956950117,2000-01-01_2020-01-01,True,
RGI60-13.43610,geodetic_temp_bias,-181.60000000000002,-2.430762975442008,3.5313773898299843,5.512955834104846,2000-01-01_2020-01-01,True,
RGI60-13.43611,geodetic_temp_bias,-362.9,-2.430762975442008,3.5313773898299843,7.296331798360852,2000-01-01_2020-01-01,True,
RGI60-13.43612,geodetic_temp_bias,-161.0,-2.430762975442008,3.5979775253411685,5.0,2000-01-01_2020-01-01,True,
RGI60-13.43613,geodetic_temp_bias,-434.3,-2.430762975442008,3.5313773898299843,5.93860907507889,2000-01-01_2020-01-01,True,
RGI60-13.43614,geodetic_temp_bias,-435.09999999999997,-1.9118348976286457,3.5313773898299843,17.0,2000-01-01_2020-01-01,True,
RGI60-13.43615,geodetic_temp_bias,-239.2,-2.430762975442008,3.5313773898299843,5.5268378554460496,2000-01-01_2020-01-01,True,
RGI60-13.43616,geodetic_temp_bias,310.7,-1.038382137712017,3.5313773898299843,17.0,2000-01-01_2020-01-01,True,
RGI60-13.43617,geodetic_temp_bias,-233.2,-2.013405093277618,3.5313773898299843,17.0,2000-01-01_2020-01-01,True,
RGI60-13.43618,geodetic_temp_bias,-183.29999999999998,0.652581538978304,3.5313773898299843,17.0,2000-01-01_2020-01-01,True,
RGI60-13.43619,geodetic_temp_bias,-271.5,-2.430762975442008,3.5313773898299843,9.09156457400643,2000-01-01_2020-01-01,True,
RGI60-13.43620,geodetic_temp_bias,-1035.6000000000001,-2.430762975442008,3.5313773898299843,13.87102888060457,2000-01-01_2020-01-01,True,
RGI60-13.43621,geodetic_temp_bias,157.1,-2.430762975442008,3.5313773898299843,6.20369190791747,2000-01-01_2020-01-01,True,
RGI60-13.43622,geodetic_temp_bias,-186.5,-2.430762975442008,3.5313773898299843,10.515611865429493,2000-01-01_2020-01-01,True,
RGI60-13.43623,geodetic_temp_bias,-175.4,-2.430762975442008,3.5313773898299843,12.37230240875369,2000-01-01_2020-01-01,True,
RGI60-13.43624,geodetic_temp_bias,22.9,-0.33744063509117467,3.5313773898299843,17.0,2000-01-01_2020-01-01,True,
RGI60-13.43625,geodetic_temp_bias,-204.65888913841167,-0.32408035869843155,3.5313773898299843,17.0,2000-01-01_2020-01-01,True,
RGI60-13.43626,geodetic_temp_bias,74.5,-2.430762975442008,3.5313773898299843,13.508072136774224,2000-01-01_2020-01-01,True,
RGI60-13.43627,geodetic_temp_bias,-101.4,-2.430762975442008,3.5313773898299843,12.772889003787386,2000-01-01_2020-01-01,True,
RGI60-13.43628,geodetic_temp_bias,132.0,-2.430762975442008,3.5313773898299843,10.971486701670933,2000-01-01_2020-01-01,True,
RGI60-13.43629,geodetic_temp_bias,-384.0,-0.060086322620580376,3.5313773898299843,17.0,2000-01-01_2020-01-01,True,
RGI60-13.43630,geodetic_temp_bias,-541.4,-1.9145800115196554,3.5313773898299843,17.0,2000-01-01_2020-01-01,True,
RGI60-13.43631,geodetic_temp_bias,113.19999999999999,-2.430762975442008,3.5313773898299843,10.899743825638504,2000-01-01_2020-01-01,True,
RGI60-13.43632,geodetic_temp_bias,-166.3,2.9478860604882597,3.5313773898299843,17.0,2000-01-01_2020-01-01,True,
RGI60-13.43633,geodetic_temp_bias,140.0,-1.7141452321052477,3.5313773898299843,17.0,2000-01-01_2020-01-01,True,
RGI60-13.43634,geodetic_temp_bias,193.5,-2.430762975442008,3.5313773898299843,10.50940910261524,2000-01-01_2020-01-01,True,
RGI60-13.43635,geodetic_temp_bias,44.8,1.1796201087717328,3.5313773898299843,17.0,2000-01-01_2020-01-01,True,
RGI60-13.43636,geodetic_temp_bias,120.0,-2.05524259459973,3.5313773898299843,17.0,2000-01-01_2020-01-01,True,
RGI60-13.43637,geodetic_temp_bias,-204.65888913841167,-2.430762975442008,3.5313773898299843,7.1449199472173985,2000-01-01_2020-01-01,True,
RGI60-13.43638,geodetic_temp_bias,-172.0,-2.430762975442008,3.5313773898299843,9.59450111596365,2000-01-01_2020-01-01,True,
RGI60-13.43639,geodetic_temp_bias,-15.7,-2.430762975442008,3.563964667229731,5.0,2000-01-01_2020-01-01,True,
RGI60-13.43640,geodetic_temp_bias,-259.40000000000003,-1.0180104998276722,3.5313773898299843,17.0,2000-01-01_2020-01-01,True,
RGI60-13.43641,geodetic_temp_bias,0.8,-2.430762975442008,3.5313773898299843,16.90364345898165,2000-01-01_2020-01-01,True,
RGI60-13.43642,geodetic_temp_bias,239.4,-2.430762975442008,3.5313773898299843,7.762362224402498,2000-01-01_2020-01-01,True,
RGI60-13.43643,geodetic_temp_bias,-107.6,-0.7053859087213398,3.5313773898299843,17.0,2000-01-01_2020-01-01,True,
RGI60-13.43644,geodetic_temp_bias,322.5,-2.430762975442008,3.5313773898299843,11.100977908423944,2000-01-01_2020-01-01,True,
RGI60-13.43645,geodetic_temp_bias,-134.20000000000002,-2.430762975442008,3.5313773898299843,8.201954468994144,2000-01-01_2020-01-01,True,
RGI60-13.43646,geodetic_temp_bias,-143.3,-2.430762975442008,3.5313773898299843,15.42487216714772,2000-01-01_2020-01-01,True,
RGI60-13.43647,geodetic_temp_bias,-14.0,-2.430762975442008,3.5530249037542787,5.0,2000-01-01_2020-01-01,True,
RGI60-13.43648,geodetic_temp_bias,-494.0,-2.430762975442008,3.5313773898299843,10.131380327033476,2000-01-01_2020-01-01,True,
RGI60-13.43649,geodetic_temp_bias,151.7,-2.430762975442008,3.5313773898299843,10.708896892366663,2000-01-01_2020-01-01,True,
RGI60-13.43650,geodetic_temp_bias,226.6,-2.430762975442008,3.7678031343500065,5.0,2000-01-01_2020-01-01,True,
RGI60-13.43651,geodetic_temp_bias,-169.4,-2.430762975442008,3.5313773898299843,6.189459423412976,2000-01-01_2020-01-01,True,
RGI60-13.43652,geodetic_temp_bias,116.3,-2.430762975442008,3.5313773898299843,5.112938399683908,2000-01-01_2020-01-01,True,
RGI60-13.43653,geodetic_temp_bias,-76.1,-1.9217151921065279,3.5313773898299843,17.0,2000-01-01_2020-01-01,True,
RGI60-13.43654,geodetic_temp_bias,33.2,-2.430762975442008,3.5313773898299843,11.1277885297363,2000-01-01_2020-01-01,True,
RGI60-13.43655,geodetic_temp_bias,-63.9,-2.430762975442008,3.5313773898299843,6.360537473094934,2000-01-01_2020-01-01,True,
RGI60-13.43656,geodetic_temp_bias,-113.5,-2.430762975442008,3.5313773898299843,6.751125970276013,2000-01-01_2020-01-01,True,
RGI60-13.43657,geodetic_temp_bias,87.2,-2.430762975442008,3.5313773898299843,14.819042205221486,2000-01-01_2020-01-01,True,
RGI60-13.43658,geodetic_temp_bias,-338.3,-2.430762975442008,3.5313773898299843,11.790165101982254,2000-01-01_2020-01-01,True,
RGI60-13.43659,geodetic_temp_bias,-291.5,-2.430762975442008,3.5313773898299843,10.266401119122314,2000-01-01_2020-01-01,True,
RGI60-13.43660,geodetic_temp_bias,157.0,-2.430762975442008,3.5313773898299843,10.232314681150015,2000-01-01_2020-01-01,True,
RGI60-13.43661,geodetic_temp_bias,-192.0,-2.430762975442008,3.5313773898299843,16.49008067256249,2000-01-01_2020-01-01,True,
RGI60-13.43662,geodetic_temp_bias,1.2,-2.430762975442008,3.5313773898299843,12.642281246548947,2000-01-01_2020-01-01,True,
RGI60-13.43663,geodetic_temp_bias,-72.2,-2.430762975442008,3.5692974750909707,5.0,2000-01-01_2020-01-01,True,
RGI60-13.43664,geodetic_temp_bias,140.3,-2.430762975442008,3.5313773898299843,8.746154668104161,2000-01-01_2020-01-01,True,
RGI60-13.43665,geodetic_temp_bias,-204.65888913841167,0.1817098801387639,3.5313773898299843,17.0,2000-01-01_2020-01-01,True,
RGI60-13.43666,geodetic_temp_bias,470.8,-2.1444119249916813,3.5313773898299843,17.0,2000-01-01_2020-01-01,True,
RGI60-13.43667,geodetic_temp_bias,218.9,-2.430762975442008,3.5313773898299843,6.541878452273422,2000-01-01_2020-01-01,True,
RGI60-13.43668,geodetic_temp_bias,11.9,-2.430762975442008,3.5313773898299843,16.930633611737647,2000-01-01_2020-01-01,True,
RGI60-13.43669,geodetic_temp_bias,-5.5,-2.430762975442008,3.5313773898299843,7.096817146556581,2000-01-01_2020-01-01,True,
RGI60-13.43670,geodetic_temp_bias,-696.2,-2.430762975442008,4.180675418736925,5.0,2000-01-01_2020-01-01,True,
RGI60-13.43671,geodetic_temp_bias,350.1,-2.430762975442008,4.018359296571602,5.0,2000-01-01_2020-01-01,True,
RGI60-13.43672,geodetic_temp_bias,-302.9,-2.430762975442008,5.186635268620412,5.0,2000-01-01_2020-01-01,True,
RGI60-13.43673,geodetic_temp_bias,-122.39999999999999,-2.430762975442008,5.297066084744976,3.999554749094695,2000-01-01_2020-01-01,True,
RGI60-13.43674,geodetic_temp_bias,311.0,-2.1913275310547613,3.5313773898299843,17.0,2000-01-01_2020-01-01,True,
RGI60-13.43675,geodetic_temp_bias,-38.3,-2.430762975442008,5.297066084744976,4.991805567643607,2000-01-01_2020-01-01,True,
RGI60-13.43676,geodetic_temp_bias,-179.29999999999998,-2.430762975442008,5.297066084744976,4.9801086906364525,2000-01-01_2020-01-01,True,
RGI60-13.43677,geodetic_temp_bias,-460.7,-2.430762975442008,3.5313773898299843,5.607218203063244,2000-01-01_2020-01-01,True,
RGI60-13.43678,geodetic_temp_bias,-23.599999999999998,-3.441515374434184,6.619400120751748,3.321449064364363,2000-01-01_2020-01-01,True,
RGI60-13.43679,geodetic_temp_bias,349.7,-1.3912489620330508,3.5313773898299843,17.0,2000-01-01_2020-01-01,True,
RGI60-13.43680,geodetic_temp_bias,-114.7,-2.430762975442008,5.297066084744976,3.221795093000659,2000-01-01_2020-01-01,True,
RGI60-13.43681,geodetic_temp_bias,-454.29999999999995,-2.430762975442008,5.297066084744976,4.813578932241545,2000-01-01_2020-01-01,True,
RGI60-13.43682,geodetic_temp_bias,257.2,-2.430762975442008,3.5313773898299843,5.561605543173544,2000-01-01_2020-01-01,True,
RGI60-13.43683,geodetic_temp_bias,185.4,-2.430762975442008,5.297066084744976,4.123104314307376,2000-01-01_2020-01-01,True,
RGI60-13.43684,geodetic_temp_bias,-531.8000000000001,-3.441515374434184,6.619400120751748,4.218158836089355,2000-01-01_2020-01-01,True,
RGI60-13.43685,geodetic_temp_bias,-273.8,-1.2247453035401608,3.5313773898299843,17.0,2000-01-01_2020-01-01,True,
RGI60-13.43686,geodetic_temp_bias,-33.4,-2.430762975442008,4.188359223503681,5.0,2000-01-01_2020-01-01,True,
RGI60-13.43687,geodetic_temp_bias,124.89999999999999,-2.430762975442008,3.5313773898299843,6.803880610475563,2000-01-01_2020-01-01,True,
RGI60-13.43688,geodetic_temp_bias,-166.9,-3.441515374434184,6.4600968599168205,5.0,2000-01-01_2020-01-01,True,
RGI60-13.43689,geodetic_temp_bias,329.5,-2.430762975442008,5.297066084744976,2.896912030610555,2000-01-01_2020-01-01,True,
RGI60-13.43690,geodetic_temp_bias,-179.9,-2.430762975442008,5.297066084744976,4.765303963162653,2000-01-01_2020-01-01,True,
RGI60-13.43691,geodetic_temp_bias,423.4,-2.430762975442008,5.297066084744976,3.040430587790202,2000-01-01_2020-01-01,True,
RGI60-13.43692,geodetic_temp_bias,-360.20000000000005,-2.430762975442008,4.0602432939905615,5.0,2000-01-01_2020-01-01,True,
RGI60-13.43693,geodetic_temp_bias,-233.2,-2.430762975442008,3.5313773898299843,5.069014265993846,2000-01-01_2020-01-01,True,
RGI60-13.43694,geodetic_temp_bias,80.60000000000001,-2.430762975442008,3.5313773898299843,7.791581515497665,2000-01-01_2020-01-01,True,
RGI60-13.43695,geodetic_temp_bias,83.4,-3.441515374434184,4.412933413834499,8.716800490609405,2000-01-01_2020-01-01,True,
RGI60-13.43696,geodetic_temp_bias,135.2,-2.430762975442008,5.183931085038308,5.0,2000-01-01_2020-01-01,True,
RGI60-13.43697,geodetic_temp_bias,-400.7,-3.441515374434184,5.857028050967043,5.0,2000-01-01_2020-01-01,True,
RGI60-13.43698,geodetic_temp_bias,-124.7,-3.441515374434184,5.288011515997177,5.0,2000-01-01_2020-01-01,True,
RGI60-13.43699,geodetic_temp_bias,-153.70000000000002,-3.441515374434184,6.619400120751748,4.450321735490238,2000-01-01_2020-01-01,True,
RGI60-13.43700,geodetic_temp_bias,-88.4,-3.441515374434184,4.412933413834499,5.805565750747636,2000-01-01_2020-01-01,True,
RGI60-13.43701,geodetic_temp_bias,142.3,-2.430762975442008,5.297066084744976,4.068219029742289,2000-01-01_2020-01-01,True,
RGI60-13.43702,geodetic_temp_bias,-482.3,-3.441515374434184,6.517604519371171,5.0,2000-01-01_2020-01-01,True,
RGI60-13.43703,geodetic_temp_bias,-100.2,-2.430762975442008,4.040934178745346,5.0,2000-01-01_2020-01-01,True,
RGI60-13.43704,geodetic_temp_bias,246.10000000000002,-3.441515374434184,4.412933413834499,5.1493276355396915,2000-01-01_2020-01-01,True,
RGI60-13.43705,geodetic_temp_bias,194.6,-2.430762975442008,3.5313773898299843,5.431010631272228,2000-01-01_2020-01-01,True,
RGI60-13.43706,geodetic_temp_bias,375.2,-2.430762975442008,5.297066084744976,2.4014155352824864,2000-01-01_2020-01-01,True,
RGI60-13.43707,geodetic_temp_bias,-204.65888913841167,1.380265408494147,3.5313773898299843,17.0,2000-01-01_2020-01-01,True,
RGI60-13.43708,geodetic_temp_bias,-336.6,-3.441515374434184,4.412933413834499,10.277863969657592,2000-01-01_2020-01-01,True,
RGI60-13.43709,geodetic_temp_bias,-257.6,-4.422737517525994,4.542829638649602,8.435060900976278,2000-01-01_2020-01-01,True,
RGI60-13.43710,geodetic_temp_bias,-379.8,-4.422737517525994,5.341649162257382,5.0,2000-01-01_2020-01-01,True,
RGI60-13.43711,geodetic_temp_bias,240.1,-4.513840972913224,3.9447897710065263,9.310916263187998,2000-01-01_2020-01-01,True,
RGI60-13.43712,geodetic_temp_bias,-305.09999999999997,-4.513840972913224,5.816778295411432,5.0,2000-01-01_2020-01-01,True,
RGI60-13.43713,geodetic_temp_bias,24.1,-4.513840972913224,3.9447897710065263,5.779745304838607,2000-01-01_2020-01-01,True,
RGI60-13.43714,geodetic_temp_bias,-94.89999999999999,-4.422737517525994,5.826222999725969,5.0,2000-01-01_2020-01-01,True,
RGI60-13.43715,geodetic_temp_bias,-285.4,-4.422737517525994,4.542829638649602,6.228220358399784,2000-01-01_2020-01-01,True,
RGI60-13.43716,geodetic_temp_bias,360.3,-4.513840972913224,5.917184656509789,4.7833969264016565,2000-01-01_2020-01-01,True,
RGI60-13.43717,geodetic_temp_bias,-310.40000000000003,-4.422737517525994,4.542829638649602,5.276958510745397,2000-01-01_2020-01-01,True,
RGI60-13.43718,geodetic_temp_bias,-498.59999999999997,-2.5043891030656367,3.9447897710065263,17.0,2000-01-01_2020-01-01,True,
RGI60-13.43719,geodetic_temp_bias,173.7,-4.513840972913224,3.9447897710065263,6.040640516458985,2000-01-01_2020-01-01,True,
RGI60-13.43720,geodetic_temp_bias,-259.2,-4.513840972913224,3.9447897710065263,6.230702287774941,2000-01-01_2020-01-01,True,
RGI60-13.43721,geodetic_temp_bias,-113.4,-4.422737517525994,4.590792952533624,5.0,2000-01-01_2020-01-01,True,
RGI60-13.43722,geodetic_temp_bias,40.800000000000004,-4.513840972913224,3.9447897710065263,6.462485961248916,2000-01-01_2020-01-01,True,
RGI60-13.43723,geodetic_temp_bias,144.9,-4.513840972913224,4.011349971225099,5.0,2000-01-01_2020-01-01,True,
RGI60-13.43724,geodetic_temp_bias,-350.3,-4.513840972913224,3.9447897710065263,8.092748373258932,2000-01-01_2020-01-01,True,
RGI60-13.43725,geodetic_temp_bias,138.6,-4.513840972913224,3.9447897710065263,10.210477761341487,2000-01-01_2020-01-01,True,
RGI60-13.43726,geodetic_temp_bias,-245.79999999999998,-4.513840972913224,3.9447897710065263,5.4899153269187675,2000-01-01_2020-01-01,True,
RGI60-13.43727,geodetic_temp_bias,-178.60000000000002,-4.513840972913224,3.9447897710065263,8.416931680287043,2000-01-01_2020-01-01,True,
RGI60-13.43728,geodetic_temp_bias,666.4,-4.513840972913224,3.9447897710065263,7.4963907459329056,2000-01-01_2020-01-01,True,
RGI60-13.43729,geodetic_temp_bias,20.2,-4.513840972913224,3.9447897710065263,6.759781171855586,2000-01-01_2020-01-01,True,
RGI60-13.43730,geodetic_temp_bias,56.300000000000004,-4.513840972913224,3.9447897710065263,5.4346114656496045,2000-01-01_2020-01-01,True,
RGI60-13.43731,geodetic_temp_bias,-485.5,-4.513840972913224,3.9447897710065263,8.51334379456073,2000-01-01_2020-01-01,True,
RGI60-13.43732,geodetic_temp_bias,-110.10000000000001,-4.513840972913224,3.9447897710065263,9.045432540120148,2000-01-01_2020-01-01,True,
RGI60-13.43733,geodetic_temp_bias,47.0,-2.329889264846805,3.9447897710065263,17.0,2000-01-01_2020-01-01,True,
RGI60-13.43734,geodetic_temp_bias,-116.1,-4.513840972913224,4.174132178728362,5.0,2000-01-01_2020-01-01,True,
RGI60-13.43735,geodetic_temp_bias,-265.5,-4.513840972913224,3.9447897710065263,9.427762269749294,2000-01-01_2020-01-01,True,
RGI60-13.43736,geodetic_temp_bias,-76.8,-4.513840972913224,4.324882615655522,5.0,2000-01-01_2020-01-01,True,
RGI60-13.43737,geodetic_temp_bias,-264.79999999999995,-4.513840972913224,3.9447897710065263,9.743683264318408,2000-01-01_2020-01-01,True,
RGI60-13.43738,geodetic_temp_bias,-120.6,-3.441515374434184,5.021122679712842,5.0,2000-01-01_2020-01-01,True,
RGI60-13.43739,geodetic_temp_bias,5.0,-3.441515374434184,4.412933413834499,6.0801253309875,2000-01-01_2020-01-01,True,
RGI60-13.43740,geodetic_temp_bias,-389.29999999999995,-4.422737517525994,4.60372983454211,5.0,2000-01-01_2020-01-01,True,
RGI60-13.43741,geodetic_temp_bias,-194.8,-4.422737517525994,4.978830109948073,5.0,2000-01-01_2020-01-01,True,
RGI60-13.43742,geodetic_temp_bias,-495.90000000000003,-4.422737517525994,4.8988237783046475,5.0,2000-01-01_2020-01-01,True,
RGI60-13.43743,geodetic_temp_bias,-440.0,-4.422737517525994,4.542829638649602,12.841059484349028,2000-01-01_2020-01-01,True,
RGI60-13.43744,geodetic_temp_bias,-166.4,-4.422737517525994,6.814244457974402,4.542313473330331,2000-01-01_2020-01-01,True,
RGI60-13.43745,geodetic_temp_bias,-82.0,-4.422737517525994,6.494270762641173,5.0,2000-01-01_2020-01-01,True,
RGI60-13.43746,geodetic_temp_bias,365.0,-4.422737517525994,6.814244457974402,3.9700634812602638,2000-01-01_2020-01-01,True,
RGI60-13.43747,geodetic_temp_bias,624.9,-5.343015907375405,6.814244457974402,1.5,2000-01-01_2020-01-01,True,
RGI60-13.43748,geodetic_temp_bias,433.7,-4.868931909004128,6.814244457974402,1.5,2000-01-01_2020-01-01,True,
RGI60-13.43749,geodetic_temp_bias,-348.8,-4.422737517525994,6.814244457974402,3.9855000333523827,2000-01-01_2020-01-01,True,
RGI60-13.43750,geodetic_temp_bias,868.6,-4.513840972913224,5.917184656509789,2.4865772831703845,2000-01-01_2020-01-01,True,
RGI60-13.43751,geodetic_temp_bias,-267.40000000000003,-4.513840972913224,3.9447897710065263,7.610047538188061,2000-01-01_2020-01-01,True,
RGI60-13.43752,geodetic_temp_bias,-822.9,-4.513840972913224,3.9447897710065263,12.264853275214739,2000-01-01_2020-01-01,True,
RGI60-13.43753,geodetic_temp_bias,-67.9,-4.422737517525994,6.814244457974402,2.5472494869704656,2000-01-01_2020-01-01,True,
RGI60-13.43754,geodetic_temp_bias,-522.1,-4.422737517525994,6.814244457974402,4.910568743302952,2000-01-01_2020-01-01,True,
RGI60-13.43755,geodetic_temp_bias,-491.5,-4.513840972913224,3.9447897710065263,11.828068003776249,2000-01-01_2020-01-01,True,
RGI60-13.43756,geodetic_temp_bias,-782.5,-4.513840972913224,3.9447897710065263,5.699083614513862,2000-01-01_2020-01-01,True,
RGI60-13.43757,geodetic_temp_bias,-83.4,-4.513840972913224,4.78544542603175,5.0,2000-01-01_2020-01-01,True,
RGI60-13.43758,geodetic_temp_bias,-595.9,-4.422737517525994,6.814244457974402,4.165312677234557,2000-01-01_2020-01-01,True,
RGI60-13.43759,geodetic_temp_bias,-106.5,-4.422737517525994,6.814244457974402,3.5922710851856356,2000-01-01_2020-01-01,True,
RGI60-13.43760,geodetic_temp_bias,-65.19999999999999,-4.513840972913224,4.627204236060053,5.0,2000-01-01_2020-01-01,True,
RGI60-13.43761,geodetic_temp_bias,-168.4,-4.513840972913224,5.917184656509789,4.766308012734299,2000-01-01_2020-01-01,True,
RGI60-13.43762,geodetic_temp_bias,-734.4000000000001,-4.513840972913224,3.9447897710065263,5.609602545966497,2000-01-01_2020-01-01,True,
RGI60-13.43763,geodetic_temp_bias,-398.2,-4.513840972913224,3.9447897710065263,5.046005163214291,2000-01-01_2020-01-01,True,
RGI60-13.43764,geodetic_temp_bias,88.8,-4.513840972913224,4.000026230026105,5.0,2000-01-01_2020-01-01,True,
RGI60-13.43765,geodetic_temp_bias,-265.2,-4.513840972913224,3.9447897710065263,5.605490078405751,2000-01-01_2020-01-01,True,
RGI60-13.43766,geodetic_temp_bias,-344.9,-4.513840972913224,3.9447897710065263,6.505004014478312,2000-01-01_2020-01-01,True,
RGI60-13.43767,geodetic_temp_bias,-514.8000000000001,-4.513840972913224,3.9447897710065263,7.27716550811055,2000-01-01_2020-01-01,True,
RGI60-13.43768,geodetic_temp_bias,-548.0,-4.513840972913224,3.9447897710065263,6.42668896901801,2000-01-01_2020-01-01,True,
RGI60-13.43769,geodetic_temp_bias,-489.3,-4.513840972913224,3.9447897710065263,6.12124213510219,2000-01-01_2020-01-01,True,
RGI60-13.43770,geodetic_temp_bias,-274.8,-4.513840972913224,4.26874543596938,5.0,2000-01-01_2020-01-01,True,
RGI60-13.43771,geodetic_temp_bias,-750.4,-4.513840972913224,3.9447897710065263,6.129381437154331,2000-01-01_2020-01-01,True,
RGI60-13.43772,geodetic_temp_bias,220.1,-4.422737517525994,6.814244457974402,1.7794205392234743,2000-01-01_2020-01-01,True,
RGI60-13.43773,geodetic_temp_bias,247.9,-4.461190173349004,6.814244457974402,1.5,2000-01-01_2020-01-01,True,
RGI60-13.43774,geodetic_temp_bias,-3.0,-4.422737517525994,6.814244457974402,2.724574697837532,2000-01-01_2020-01-01,True,
RGI60-13.43775,geodetic_temp_bias,-1213.6,-4.513840972913224,3.9447897710065263,6.707025261824954,2000-01-01_2020-01-01,True,
RGI60-13.43776,geodetic_temp_bias,-718.0,-4.513840972913224,4.906186161647176,5.0,2000-01-01_2020-01-01,True,
RGI60-13.43777,geodetic_temp_bias,312.7,-4.513840972913224,5.917184656509789,4.8046969745733445,2000-01-01_2020-01-01,True,
RGI60-13.43778,geodetic_temp_bias,-834.6,-4.513840972913224,4.037950246871254,5.0,2000-01-01_2020-01-01,True,
RGI60-13.43779,geodetic_temp_bias,-882.1,-4.513840972913224,3.9447897710065263,5.074503446584975,2000-01-01_2020-01-01,True,
RGI60-13.43780,geodetic_temp_bias,-286.3,-4.513840972913224,5.917184656509789,4.014409825954667,2000-01-01_2020-01-01,True,
RGI60-13.43781,geodetic_temp_bias,-218.29999999999998,-4.513840972913224,5.917184656509789,3.5876893460675947,2000-01-01_2020-01-01,True,
RGI60-13.43782,geodetic_temp_bias,-269.6,-4.422737517525994,6.814244457974402,2.790878261897168,2000-01-01_2020-01-01,True,
RGI60-13.43783,geodetic_temp_bias,-382.5,-4.513840972913224,5.917184656509789,3.807259422829746,2000-01-01_2020-01-01,True,
RGI60-13.43784,geodetic_temp_bias,56.2,-4.513840972913224,5.917184656509789,4.731595196817317,2000-01-01_2020-01-01,True,
RGI60-13.43785,geodetic_temp_bias,139.8,-4.513840972913224,3.9447897710065263,10.429437555671557,2000-01-01_2020-01-01,True,
RGI60-13.43786,geodetic_temp_bias,127.5,-4.513840972913224,3.9447897710065263,8.619994750078693,2000-01-01_2020-01-01,True,
RGI60-13.43787,geodetic_temp_bias,-134.8,-4.513840972913224,5.398761046940077,5.0,2000-01-01_2020-01-01,True,
RGI60-13.43788,geodetic_temp_bias,-51.3,-4.513840972913224,5.692668859515695,5.0,2000-01-01_2020-01-01,True,
RGI60-13.43789,geodetic_temp_bias,-124.0,-4.513840972913224,3.9447897710065263,8.407323636452327,2000-01-01_2020-01-01,True,
RGI60-13.43790,geodetic_temp_bias,-270.7,-4.513840972913224,3.9447897710065263,7.378531727604017,2000-01-01_2020-01-01,True,
RGI60-13.43791,geodetic_temp_bias,9.1,-4.513840972913224,5.521627675945813,5.0,2000-01-01_2020-01-01,True,
RGI60-13.43792,geodetic_temp_bias,-5.8,-4.513840972913224,3.9447897710065263,9.450758878425944,2000-01-01_2020-01-01,True,
RGI60-13.43793,scalar,,,,,,True,
RGI60-13.43794,geodetic_temp_bias,-187.79999999999998,-4.513840972913224,5.484016573279499,5.0,2000-01-01_2020-01-01,True,
RGI60-13.43795,geodetic_temp_bias,-191.1,-4.513840972913224,3.9447897710065263,9.353048731958777,2000-01-01_2020-01-01,True,
RGI60-13.43796,geodetic_temp_bias,-214.29999999999998,-4.039652460397912,3.9447897710065263,17.0,2000-01-01_2020-01-01,True,
RGI60-13.43797,geodetic_temp_bias,-432.5,-3.913706710773231,3.9447897710065263,17.0,2000-01-01_2020-01-01,True,
RGI60-13.43798,geodetic_temp_bias,-229.5,-4.513840972913224,3.9447897710065263,9.145468726937656,2000-01-01_2020-01-01,True,
RGI60-13.43799,geodetic_temp_bias,-257.90000000000003,-4.513840972913224,3.9447897710065263,5.084350922839947,2000-01-01_2020-01-01,True,
RGI60-13.43800,geodetic_temp_bias,68.9,-4.513840972913224,5.163636227817481,5.0,2000-01-01_2020-01-01,True,
RGI60-13.43801,geodetic_temp_bias,140.2,-4.513840972913224,3.9447897710065263,7.124251127340089,2000-01-01_2020-01-01,True,
RGI60-13.43802,geodetic_temp_bias,-63.6,-4.513840972913224,3.9447897710065263,6.3629834527107105,2000-01-01_2020-01-01,True,
RGI60-13.43803,geodetic_temp_bias,-249.4,-4.513840972913224,4.810764835464434,5.0,2000-01-01_2020-01-01,True,
RGI60-13.43804,geodetic_temp_bias,-595.4000000000001,-3.997285381788101,3.9447897710065263,17.0,2000-01-01_2020-01-01,True,
RGI60-13.43805,geodetic_temp_bias,-13.700000000000001,-4.513840972913224,3.9447897710065263,5.169188348370476,2000-01-01_2020-01-01,True,
RGI60-13.43806,geodetic_temp_bias,-131.1,-4.513840972913224,3.9447897710065263,8.054136589331865,2000-01-01_2020-01-01,True,
RGI60-13.43807,geodetic_temp_bias,-453.0,-4.513840972913224,3.9447897710065263,7.594508404084297,2000-01-01_2020-01-01,True,
RGI60-13.43808,geodetic_temp_bias,-126.9,-4.513840972913224,4.024536441556859,5.0,2000-01-01_2020-01-01,True,
RGI60-13.43809,geodetic_temp_bias,249.0,-4.440942253136241,3.9447897710065263,17.0,2000-01-01_2020-01-01,True,
RGI60-13.43810,geodetic_temp_bias,-252.7,-4.513840972913224,3.9447897710065263,7.767626276772939,2000-01-01_2020-01-01,True,
RGI60-13.43811,geodetic_temp_bias,81.60000000000001,-3.9075776874052366,3.9447897710065263,17.0,2000-01-01_2020-01-01,True,
RGI60-13.43812,geodetic_temp_bias,-709.3000000000001,-3.310036463457926,3.9447897710065263,17.0,2000-01-01_2020-01-01,True,
RGI60-13.43813,geodetic_temp_bias,72.5,-4.513840972913224,3.9447897710065263,7.945579557279726,2000-01-01_2020-01-01,True,
RGI60-13.43814,geodetic_temp_bias,-21.4,-4.513840972913224,3.9447897710065263,7.295914019987312,2000-01-01_2020-01-01,True,
RGI60-13.43815,geodetic_temp_bias,-672.2,-4.513840972913224,3.9447897710065263,13.021091365838949,2000-01-01_2020-01-01,True,
RGI60-13.43816,geodetic_temp_bias,-50.9,-4.513840972913224,3.9447897710065263,5.099709463569512,2000-01-01_2020-01-01,True,
RGI60-13.43817,geodetic_temp_bias,-699.2,-4.513840972913224,3.9447897710065263,5.649031488364557,2000-01-01_2020-01-01,True,
RGI60-13.43818,geodetic_temp_bias,-436.3,-4.513840972913224,3.9447897710065263,7.592202610032952,2000-01-01_2020-01-01,True,
RGI60-13.43819,geodetic_temp_bias,-274.9,-4.513840972913224,3.9447897710065263,9.226967860456611,2000-01-01_2020-01-01,True,
RGI60-13.43820,geodetic_temp_bias,-69.8,-4.513840972913224,5.452397325185386,5.0,2000-01-01_2020-01-01,True,
RGI60-13.43821,geodetic_temp_bias,-814.3000000000001,-4.513840972913224,3.9447897710065263,6.7602464712421995,2000-01-01_2020-01-01,True,
RGI60-13.43822,geodetic_temp_bias,-605.7,-4.513840972913224,3.9447897710065263,7.139706160739121,2000-01-01_2020-01-01,True,
RGI60-13.43823,geodetic_temp_bias,-630.6,-4.513840972913224,3.9447897710065263,10.35358126381556,2000-01-01_2020-01-01,True,
RGI60-13.43824,geodetic_temp_bias,-1414.8,-4.513840972913224,3.9447897710065263,7.635372012226173,2000-01-01_2020-01-01,True,
RGI60-13.43825,geodetic_temp_bias,-455.40000000000003,-4.513840972913224,5.041708701628732,5.0,2000-01-01_2020-01-01,True,
RGI60-13.43826,geodetic_temp_bias,139.2,-4.513840972913224,5.917184656509789,4.540848425483857,2000-01-01_2020-01-01,True,
RGI60-13.43827,geodetic_temp_bias,609.9,-4.513840972913224,5.917184656509789,1.6617857080185985,2000-01-01_2020-01-01,True,
RGI60-13.43828,geodetic_temp_bias,-849.3000000000001,-4.513840972913224,4.5457593877511515,5.0,2000-01-01_2020-01-01,True,
RGI60-13.43829,geodetic_temp_bias,-266.79999999999995,-4.513840972913224,4.938317386016497,5.0,2000-01-01_2020-01-01,True,
RGI60-13.43830,geodetic_temp_bias,-93.39999999999999,-4.513840972913224,5.917184656509789,3.4547827239845983,2000-01-01_2020-01-01,True,
RGI60-13.43831,geodetic_temp_bias,-185.20000000000002,-4.513840972913224,5.552496888933231,5.0,2000-01-01_2020-01-01,True,
RGI60-13.43832,geodetic_temp_bias,-295.20000000000005,-4.513840972913224,3.9447897710065263,11.441671170076951,2000-01-01_2020-01-01,True,
RGI60-13.43833,geodetic_temp_bias,-173.3,-4.513840972913224,5.917184656509789,4.962244867456917,2000-01-01_2020-01-01,True,
RGI60-13.43834,geodetic_temp_bias,-66.8,-4.513840972913224,3.9447897710065263,14.980621004029356,2000-01-01_2020-01-01,True,
RGI60-13.43835,geodetic_temp_bias,-8.6,-4.513840972913224,5.917184656509789,3.725210374851294,2000-01-01_2020-01-01,True,
RGI60-13.43836,geodetic_temp_bias,-73.3,-4.513840972913224,5.69544989672967,5.0,2000-01-01_2020-01-01,True,
RGI60-13.43837,geodetic_temp_bias,-322.2,-4.513840972913224,4.072838153064644,5.0,2000-01-01_2020-01-01,True,
RGI60-13.43838,geodetic_temp_bias,-1112.2,-4.513840972913224,3.9447897710065263,12.729159586945453,2000-01-01_2020-01-01,True,
RGI60-13.43839,geodetic_temp_bias,125.2,-4.513840972913224,5.917184656509789,4.952268954535766,2000-01-01_2020-01-01,True,
RGI60-13.43840,geodetic_temp_bias,-452.90000000000003,-4.513840972913224,4.891624825101844,5.0,2000-01-01_2020-01-01,True,
RGI60-13.43841,geodetic_temp_bias,-80.0,-4.513840972913224,4.539109544769934,5.0,2000-01-01_2020-01-01,True,
RGI60-13.43842,geodetic_temp_bias,-186.20000000000002,-4.513840972913224,3.9447897710065263,9.375882838088401,2000-01-01_2020-01-01,True,
RGI60-13.43843,geodetic_temp_bias,200.4,-4.513840972913224,5.917184656509789,3.9265522399398978,2000-01-01_2020-01-01,True,
RGI60-13.43844,geodetic_temp_bias,-407.3,-4.513840972913224,5.706090986274523,5.0,2000-01-01_2020-01-01,True,
RGI60-13.43845,geodetic_temp_bias,-29.9,-4.513840972913224,3.9447897710065263,5.705353596592797,2000-01-01_2020-01-01,True,
RGI60-13.43846,geodetic_temp_bias,-205.1,-4.513840972913224,3.9447897710065263,5.429217071705038,2000-01-01_2020-01-01,True,
RGI60-13.43847,geodetic_temp_bias,1317.7,-4.833883500835496,5.917184656509789,1.5,2000-01-01_2020-01-01,True,
RGI60-13.43848,geodetic_temp_bias,-404.4,-4.513840972913224,3.9447897710065263,6.57690928638498,2000-01-01_2020-01-01,True,
RGI60-13.43849,geodetic_temp_bias,-862.9,-4.513840972913224,3.9447897710065263,14.08759162149597,2000-01-01_2020-01-01,True,
RGI60-13.43850,geodetic_temp_bias,-204.65888913841167,-4.513840972913224,5.917184656509789,3.0536426891245245,2000-01-01_2020-01-01,True,
RGI60-13.43851,geodetic_temp_bias,-1478.6999999999998,-4.513840972913224,3.9447897710065263,6.442260013304878,2000-01-01_2020-01-01,True,
RGI60-13.43852,geodetic_temp_bias,-776.8000000000001,-4.513840972913224,3.9447897710065263,8.722463344649707,2000-01-01_2020-01-01,True,
RGI60-13.43853,geodetic_temp_bias,-331.3,-4.513840972913224,3.9447897710065263,5.389712145953393,2000-01-01_2020-01-01,True,
RGI60-13.43854,geodetic_temp_bias,-856.9,-4.513840972913224,5.7358478761887834,5.0,2000-01-01_2020-01-01,True,
RGI60-13.43855,geodetic_temp_bias,79.5,-4.513840972913224,3.9447897710065263,5.980566366456906,2000-01-01_2020-01-01,True,
RGI60-13.43856,geodetic_temp_bias,613.5,-4.693698261504934,5.917184656509789,1.5,2000-01-01_2020-01-01,True,
RGI60-13.43857,geodetic_temp_bias,-1514.3,-4.513840972913224,4.4031677989601175,5.0,2000-01-01_2020-01-01,True,
RGI60-13.43858,geodetic_temp_bias,-573.9,-4.513840972913224,4.133127025176119,5.0,2000-01-01_2020-01-01,True,
RGI60-13.43859,geodetic_temp_bias,-570.5,-4.513840972913224,4.719833277255782,5.0,2000-01-01_2020-01-01,True,
RGI60-13.43860,geodetic_temp_bias,-110.0,-4.513840972913224,5.917184656509789,3.0882459720680275,2000-01-01_2020-01-01,True,
RGI60-13.43861,geodetic_temp_bias,-919.9000000000001,-4.513840972913224,4.405214986962209,5.0,2000-01-01_2020-01-01,True,
RGI60-13.43862,geodetic_temp_bias,-951.0999999999999,-4.513840972913224,5.176129966858933,5.0,2000-01-01_2020-01-01,True,
RGI60-13.43863,geodetic_temp_bias,-291.4,-4.513840972913224,3.9447897710065263,6.594638358308513,2000-01-01_2020-01-01,True,
RGI60-13.43864,geodetic_temp_bias,-130.0,-4.513840972913224,4.037980481897479,5.0,2000-01-01_2020-01-01,True,
RGI60-13.43865,geodetic_temp_bias,-292.0,-4.513840972913224,4.048146098770112,5.0,2000-01-01_2020-01-01,True,
RGI60-13.43866,geodetic_temp_bias,-232.1,-4.513840972913224,3.9447897710065263,7.193199966797468,2000-01-01_2020-01-01,True,
RGI60-13.43867,geodetic_temp_bias,275.7,-4.513840972913224,5.917184656509789,4.559301530551127,2000-01-01_2020-01-01,True,
RGI60-13.43868,geodetic_temp_bias,-880.1,-4.513840972913224,3.9447897710065263,6.16680034027367,2000-01-01_2020-01-01,True,
RGI60-13.43869,geodetic_temp_bias,-482.8,-4.513840972913224,3.9447897710065263,8.942052784229347,2000-01-01_2020-01-01,True,
RGI60-13.43870,geodetic_temp_bias,-392.79999999999995,-4.513840972913224,5.444480858444117,5.0,2000-01-01_2020-01-01,True,
RGI60-13.43871,geodetic_temp_bias,-299.09999999999997,-4.513840972913224,5.917184656509789,4.496001174233494,2000-01-01_2020-01-01,True,
RGI60-13.43872,geodetic_temp_bias,-741.6,-4.513840972913224,3.9447897710065263,6.580794732535982,2000-01-01_2020-01-01,True,
RGI60-13.43873,geodetic_temp_bias,-427.4,-4.513840972913224,3.9447897710065263,5.515134181326105,2000-01-01_2020-01-01,True,
RGI60-13.43874,geodetic_temp_bias,290.4,-4.513840972913224,3.9447897710065263,12.00577760109816,2000-01-01_2020-01-01,True,
RGI60-13.43875,geodetic_temp_bias,-35.4,-4.167774887020768,3.9447897710065263,17.0,2000-01-01_2020-01-01,True,
RGI60-13.43876,geodetic_temp_bias,-285.8,-4.513840972913224,5.034829045771538,5.0,2000-01-01_2020-01-01,True,
RGI60-13.43877,geodetic_temp_bias,-790.1,-4.513840972913224,3.9447897710065263,6.386004427941441,2000-01-01_2020-01-01,True,
RGI60-13.43878,geodetic_temp_bias,-267.90000000000003,-4.513840972913224,3.9447897710065263,7.4476034809005895,2000-01-01_2020-01-01,True,
RGI60-13.43879,geodetic_temp_bias,-413.2,-4.513840972913224,3.9447897710065263,8.25951004855232,2000-01-01_2020-01-01,True,
RGI60-13.43880,geodetic_temp_bias,-190.5,-4.513840972913224,5.917184656509789,4.666924454522524,2000-01-01_2020-01-01,True,
RGI60-13.43881,geodetic_temp_bias,-204.65888913841167,-4.513840972913224,3.9447897710065263,5.40390962189807,2000-01-01_2020-01-01,True,
RGI60-13.43882,geodetic_temp_bias,-974.7,-4.513840972913224,3.9447897710065263,6.302936407725573,2000-01-01_2020-01-01,True,
RGI60-13.43883,geodetic_temp_bias,-506.6,-4.513840972913224,3.9447897710065263,12.359610005053424,2000-01-01_2020-01-01,True,
RGI60-13.43884,geodetic_temp_bias,-334.7,-4.513840972913224,5.917184656509789,4.798806537370442,2000-01-01_2020-01-01,True,
RGI60-13.43885,geodetic_temp_bias,-204.65888913841167,-4.513840972913224,5.917184656509789,4.456025714582737,2000-01-01_2020-01-01,True,
RGI60-13.43886,geodetic_temp_bias,-715.4000000000001,-4.513840972913224,3.9447897710065263,5.985821587784995,2000-01-01_2020-01-01,True,
RGI60-13.43887,geodetic_temp_bias,-385.90000000000003,-4.513840972913224,5.318919787862656,5.0,2000-01-01_2020-01-01,True,
RGI60-13.43888,geodetic_temp_bias,-49.5,-4.513840972913224,5.917184656509789,4.835254220588634,2000-01-01_2020-01-01,True,
RGI60-13.43889,geodetic_temp_bias,-204.5,-4.513840972913224,5.917184656509789,4.796584282905906,2000-01-01_2020-01-01,True,
RGI60-13.43890,geodetic_temp_bias,-95.10000000000001,-4.513840972913224,5.917184656509789,4.3291652258434965,2000-01-01_2020-01-01,True,
RGI60-13.43891,geodetic_temp_bias,-251.4,-4.513840972913224,5.917184656509789,3.9274184505179783,2000-01-01_2020-01-01,True,
RGI60-13.43892,geodetic_temp_bias,-583.6,-4.513840972913224,3.9447897710065263,5.258394424140055,2000-01-01_2020-01-01,True,
RGI60-13.43893,geodetic_temp_bias,-507.2,-4.513840972913224,4.4289657929713915,5.0,2000-01-01_2020-01-01,True,
RGI60-13.43894,geodetic_temp_bias,-1205.2,-4.513840972913224,3.9447897710065263,8.24886881843881,2000-01-01_2020-01-01,True,
RGI60-13.43895,geodetic_temp_bias,-479.5,-4.513840972913224,3.9447897710065263,8.816819438654026,2000-01-01_2020-01-01,True,
RGI60-13.43896,geodetic_temp_bias,-829.0999999999999,-4.513840972913224,3.9447897710065263,9.48877099517289,2000-01-01_2020-01-01,True,
RGI60-13.43897,geodetic_temp_bias,-494.0,-4.513840972913224,3.9447897710065263,10.925767541878926,2000-01-01_2020-01-01,True,
RGI60-13.43898,geodetic_temp_bias,-559.2,-3.332113277239564,3.9447897710065263,17.0,2000-01-01_2020-01-01,True,
RGI60-13.43899,geodetic_temp_bias,-309.7,-4.513840972913224,3.9447897710065263,10.36257793791313,2000-01-01_2020-01-01,True,
RGI60-13.43900,geodetic_temp_bias,-323.2,-4.513840972913224,3.9447897710065263,8.097122902765639,2000-01-01_2020-01-01,True,
RGI60-13.43901,geodetic_temp_bias,-697.6,-4.513840972913224,3.9447897710065263,7.609326998628688,2000-01-01_2020-01-01,True,
RGI60-13.43902,geodetic_temp_bias,-187.4,-4.513840972913224,5.03133567875956,5.0,2000-01-01_2020-01-01,True,
RGI60-13.43903,geodetic_temp_bias,-204.65888913841167,-3.1938348962297143,3.9447897710065263,17.0,2000-01-01_2020-01-01,True,
RGI60-13.43904,geodetic_temp_bias,-204.65888913841167,-3.2382764616279247,3.9447897710065263,17.0,2000-01-01_2020-01-01,True,
RGI60-13.43905,geodetic_temp_bias,246.79999999999998,-4.513840972913224,3.9447897710065263,9.55897903722731,2000-01-01_2020-01-01,True,
RGI60-13.43906,geodetic_temp_bias,-744.3,-4.513840972913224,3.9447897710065263,6.301932278918913,2000-01-01_2020-01-01,True,
RGI60-13.43907,geodetic_temp_bias,-892.3,-4.513840972913224,3.9447897710065263,11.76294899256726,2000-01-01_2020-01-01,True,
RGI60-13.43908,geodetic_temp_bias,-460.5,-4.513840972913224,3.9447897710065263,5.809782337905876,2000-01-01_2020-01-01,True,
RGI60-13.43909,geodetic_temp_bias,-521.2,-4.282872189519143,3.9447897710065263,17.0,2000-01-01_2020-01-01,True,
RGI60-13.43910,geodetic_temp_bias,-984.1,-4.513840972913224,3.9447897710065263,11.133627146526063,2000-01-01_2020-01-01,True,
RGI60-13.43911,geodetic_temp_bias,-292.3,-4.513840972913224,3.9447897710065263,5.180381338328948,2000-01-01_2020-01-01,True,
RGI60-13.43912,geodetic_temp_bias,-128.20000000000002,-4.513840972913224,3.9447897710065263,5.501500905095743,2000-01-01_2020-01-01,True,
RGI60-13.43913,geodetic_temp_bias,-453.1,-4.513840972913224,3.9447897710065263,6.461432433388252,2000-01-01_2020-01-01,True,
RGI60-13.43914,geodetic_temp_bias,-320.79999999999995,-4.513840972913224,5.917184656509789,4.393594235941682,2000-01-01_2020-01-01,True,
RGI60-13.43915,geodetic_temp_bias,-191.6,-4.513840972913224,5.379418821219754,5.0,2000-01-01_2020-01-01,True,
RGI60-13.43916,geodetic_temp_bias,-659.3,-4.513840972913224,3.9447897710065263,9.500587756988383,2000-01-01_2020-01-01,True,
RGI60-13.43917,geodetic_temp_bias,316.5,-4.513840972913224,5.917184656509789,2.3521062301798565,2000-01-01_2020-01-01,True,
RGI60-13.43918,geodetic_temp_bias,-570.6999999999999,-4.513840972913224,3.9447897710065263,6.068437440699642,2000-01-01_2020-01-01,True,
RGI60-13.43919,geodetic_temp_bias,-871.0,-4.513840972913224,3.9447897710065263,5.405308971480972,2000-01-01_2020-01-01,True,
RGI60-13.43920,geodetic_temp_bias,-433.40000000000003,-4.513840972913224,3.9447897710065263,5.112762949350617,2000-01-01_2020-01-01,True,
RGI60-13.43921,geodetic_temp_bias,-73.2,-4.513840972913224,3.9447897710065263,10.791321215139572,2000-01-01_2020-01-01,True,
RGI60-13.43922,geodetic_temp_bias,-432.09999999999997,-4.513840972913224,3.9447897710065263,9.04684219220699,2000-01-01_2020-01-01,True,
RGI60-13.43923,geodetic_temp_bias,-357.20000000000005,-4.513840972913224,3.9447897710065263,9.628168484393491,2000-01-01_2020-01-01,True,
RGI60-13.43924,geodetic_temp_bias,-387.5,-4.513840972913224,4.4389671595255145,5.0,2000-01-01_2020-01-01,True,
RGI60-13.43925,geodetic_temp_bias,33.2,-4.513840972913224,5.310051639716515,5.0,2000-01-01_2020-01-01,True,
RGI60-13.43926,geodetic_temp_bias,-584.0999999999999,-4.513840972913224,3.9447897710065263,7.876310532442512,2000-01-01_2020-01-01,True,
RGI60-13.43927,geodetic_temp_bias,-630.7,-3.0590430745261115,3.9447897710065263,17.0,2000-01-01_2020-01-01,True,
RGI60-13.43928,geodetic_temp_bias,-585.3000000000001,-4.513840972913224,3.9447897710065263,5.446178108376937,2000-01-01_2020-01-01,True,
RGI60-13.43929,geodetic_temp_bias,-204.65888913841167,-3.1124873244640097,4.259521785529368,10.73077323958879,2000-01-01_2020-01-01,True,
RGI60-13.43930,geodetic_temp_bias,-831.2,-3.1124873244640097,4.259521785529368,13.028003207232059,2000-01-01_2020-01-01,True,
RGI60-13.43931,geodetic_temp_bias,-135.2,-3.1124873244640097,4.259521785529368,9.382656389748995,2000-01-01_2020-01-01,True,
RGI60-13.43932,geodetic_temp_bias,-737.4000000000001,-3.1124873244640097,4.259521785529368,10.294837363818488,2000-01-01_2020-01-01,True,
RGI60-13.43933,geodetic_temp_bias,87.8,-3.1124873244640097,6.389282678294051,2.049914657098771,2000-01-01_2020-01-01,True,
RGI60-13.43934,geodetic_temp_bias,-477.6,-3.1124873244640097,4.259521785529368,5.155548315405325,2000-01-01_2020-01-01,True,
RGI60-13.43935,geodetic_temp_bias,148.29999999999998,-3.1124873244640097,6.389282678294051,2.9387214046612504,2000-01-01_2020-01-01,True,
RGI60-13.43936,geodetic_temp_bias,-94.89999999999999,-3.1124873244640097,6.389282678294051,3.7988874784773023,2000-01-01_2020-01-01,True,
RGI60-13.43937,geodetic_temp_bias,-457.1,-3.1124873244640097,5.3064279100535146,5.0,2000-01-01_2020-01-01,True,
RGI60-13.43938,geodetic_temp_bias,-885.0,-3.1124873244640097,4.259521785529368,6.392531643002456,2000-01-01_2020-01-01,True,
RGI60-13.43939,geodetic_temp_bias,-393.7,-3.1124873244640097,4.259521785529368,12.852637223421805,2000-01-01_2020-01-01,True,
RGI60-13.43940,geodetic_temp_bias,-608.1,-3.1124873244640097,4.259521785529368,6.878013873217261,2000-01-01_2020-01-01,True,
RGI60-13.43941,geodetic_temp_bias,-555.1,-3.1124873244640097,4.259521785529368,5.918586995421528,2000-01-01_2020-01-01,True,
RGI60-13.43942,geodetic_temp_bias,-789.1,-3.1124873244640097,4.259521785529368,6.627908224742271,2000-01-01_2020-01-01,True,
RGI60-13.43943,geodetic_temp_bias,54.9,-3.1124873244640097,5.811690665281414,5.0,2000-01-01_2020-01-01,True,
RGI60-13.43944,geodetic_temp_bias,-879.1,-3.1124873244640097,4.406211979366294,5.0,2000-01-01_2020-01-01,True,
RGI60-13.43945,geodetic_temp_bias,-279.8,-3.1124873244640097,4.676143675612704,5.0,2000-01-01_2020-01-01,True,
RGI60-13.43946,geodetic_temp_bias,-517.8000000000001,-3.1124873244640097,4.259521785529368,6.606087180007792,2000-01-01_2020-01-01,True,
RGI60-13.43947,geodetic_temp_bias,-507.8,-3.1124873244640097,4.259521785529368,5.283096798171634,2000-01-01_2020-01-01,True,
RGI60-13.43948,geodetic_temp_bias,-776.2,-3.1124873244640097,4.259521785529368,5.9108953960344035,2000-01-01_2020-01-01,True,
RGI60-13.43949,geodetic_temp_bias,-56.099999999999994,-2.6782847108649728,4.259521785529368,17.0,2000-01-01_2020-01-01,True,
RGI60-13.43950,geodetic_temp_bias,-404.6,-3.1124873244640097,6.389282678294051,3.52545487717003,2000-01-01_2020-01-01,True,
RGI60-13.43951,geodetic_temp_bias,-474.2,-3.1124873244640097,4.259521785529368,8.091225407765021,2000-01-01_2020-01-01,True,
RGI60-13.43952,geodetic_temp_bias,-360.8,-3.1124873244640097,6.389282678294051,4.554572142926724,2000-01-01_2020-01-01,True,
RGI60-13.43953,geodetic_temp_bias,-84.9,-3.1124873244640097,6.389282678294051,4.227853532805737,2000-01-01_2020-01-01,True,
RGI60-13.43954,geodetic_temp_bias,-113.4,-3.1124873244640097,6.389282678294051,3.876439894129084,2000-01-01_2020-01-01,True,
RGI60-13.43955,geodetic_temp_bias,-284.4,-3.1124873244640097,4.259521785529368,5.90278759829564,2000-01-01_2020-01-01,True,
RGI60-13.43956,geodetic_temp_bias,-45.8,-3.1124873244640097,6.389282678294051,3.903473404289205,2000-01-01_2020-01-01,True,
RGI60-13.43957,geodetic_temp_bias,-206.2,-3.1124873244640097,6.389282678294051,2.881123154171686,2000-01-01_2020-01-01,True,
RGI60-13.43958,geodetic_temp_bias,195.1,-3.1124873244640097,4.259521785529368,15.967253546304535,2000-01-01_2020-01-01,True,
RGI60-13.43959,geodetic_temp_bias,-424.3,-3.1124873244640097,4.808939097341019,5.0,2000-01-01_2020-01-01,True,
RGI60-13.43960,geodetic_temp_bias,-340.4,-3.1124873244640097,4.259521785529368,10.545693229430986,2000-01-01_2020-01-01,True,
RGI60-13.43961,geodetic_temp_bias,-107.39999999999999,-3.1124873244640097,6.389282678294051,2.702089568466554,2000-01-01_2020-01-01,True,
RGI60-13.43962,geodetic_temp_bias,-264.5,-3.1124873244640097,5.489859971119149,5.0,2000-01-01_2020-01-01,True,
RGI60-13.43963,geodetic_temp_bias,-260.7,-3.1124873244640097,4.259521785529368,5.431542885444696,2000-01-01_2020-01-01,True,
RGI60-13.43964,geodetic_temp_bias,-309.90000000000003,-3.1124873244640097,4.259521785529368,6.816386262186644,2000-01-01_2020-01-01,True,
RGI60-13.43965,geodetic_temp_bias,-84.4,0.3349705488461159,4.259521785529368,17.0,2000-01-01_2020-01-01,True,
RGI60-13.43966,geodetic_temp_bias,-311.0,-3.1124873244640097,4.259521785529368,9.539112847207306,2000-01-01_2020-01-01,True,
RGI60-13.43967,geodetic_temp_bias,-200.2,-3.1124873244640097,4.259521785529368,7.653791155617419,2000-01-01_2020-01-01,True,
RGI60-13.43968,geodetic_temp_bias,190.6,-3.1124873244640097,4.259521785529368,6.6159639239383585,2000-01-01_2020-01-01,True,
RGI60-13.43969,geodetic_temp_bias,-204.65888913841167,-0.8354138671710809,4.259521785529368,17.0,2000-01-01_2020-01-01,True,
RGI60-13.43970,geodetic_temp_bias,-15.5,-3.1124873244640097,4.259521785529368,6.2496158233143735,2000-01-01_2020-01-01,True,
RGI60-13.43971,geodetic_temp_bias,-27.5,-3.1124873244640097,4.259521785529368,15.215257638139352,2000-01-01_2020-01-01,True,
RGI60-13.43972,geodetic_temp_bias,-521.0,-3.1124873244640097,4.259521785529368,13.949917876876865,2000-01-01_2020-01-01,True,
RGI60-13.43973,geodetic_temp_bias,-295.8,-3.1124873244640097,4.259521785529368,12.593145424877738,2000-01-01_2020-01-01,True,
RGI60-13.43974,geodetic_temp_bias,-266.40000000000003,-3.1124873244640097,4.4277668333601,5.0,2000-01-01_2020-01-01,True,
RGI60-13.43975,geodetic_temp_bias,72.8,-3.1124873244640097,5.591224154037192,5.0,2000-01-01_2020-01-01,True,
RGI60-13.43976,geodetic_temp_bias,116.7,-3.1124873244640097,6.389282678294051,1.7863435459619226,2000-01-01_2020-01-01,True,
RGI60-13.43977,geodetic_temp_bias,-225.5,-3.1124873244640097,6.389282678294051,4.699837670312487,2000-01-01_2020-01-01,True,
RGI60-13.43978,geodetic_temp_bias,-204.65888913841167,-3.1124873244640097,6.389282678294051,3.1412899274710684,2000-01-01_2020-01-01,True,
RGI60-13.43979,geodetic_temp_bias,-204.65888913841167,-3.1124873244640097,4.259521785529368,5.064654336019752,2000-01-01_2020-01-01,True,
RGI60-13.43980,geodetic_temp_bias,-204.65888913841167,-3.1124873244640097,5.132162229616051,5.0,2000-01-01_2020-01-01,True,
RGI60-13.43981,geodetic_temp_bias,-204.65888913841167,-3.1124873244640097,4.342268735204307,5.0,2000-01-01_2020-01-01,True,
RGI60-13.43982,geodetic_temp_bias,-204.65888913841167,-0.09246388699585521,4.259521785529368,17.0,2000-01-01_2020-01-01,True,
RGI60-13.43983,geodetic_temp_bias,-81.8,-3.1124873244640097,4.259521785529368,11.31791724489862,2000-01-01_2020-01-01,True,
RGI60-13.43984,geodetic_temp_bias,-424.9,-3.1124873244640097,6.389282678294051,4.693755511787158,2000-01-01_2020-01-01,True,
RGI60-13.43985,geodetic_temp_bias,-781.4,-3.1124873244640097,4.259521785529368,6.017842176838243,2000-01-01_2020-01-01,True,
RGI60-13.43986,geodetic_temp_bias,-251.5,-3.1124873244640097,5.548153995705282,5.0,2000-01-01_2020-01-01,True,
RGI60-13.43987,geodetic_temp_bias,-560.9,-3.1124873244640097,4.261339968161229,5.0,2000-01-01_2020-01-01,True,
RGI60-13.43988,geodetic_temp_bias,-305.20000000000005,-3.1124873244640097,6.389282678294051,3.743685147613224,2000-01-01_2020-01-01,True,
RGI60-13.43989,geodetic_temp_bias,-457.6,-3.1124873244640097,5.193500564266956,5.0,2000-01-01_2020-01-01,True,
RGI60-13.43990,geodetic_temp_bias,-448.0,-3.1124873244640097,4.259521785529368,13.381820718674808,2000-01-01_2020-01-01,True,
RGI60-13.43991,geodetic_temp_bias,-444.0,-3.1124873244640097,4.259521785529368,6.355394444859866,2000-01-01_2020-01-01,True,
RGI60-13.43992,geodetic_temp_bias,-523.2,-3.1124873244640097,6.389282678294051,4.424031553223019,2000-01-01_2020-01-01,True,
RGI60-13.43993,geodetic_temp_bias,-352.2,-3.1124873244640097,4.259521785529368,12.882441526175795,2000-01-01_2020-01-01,True,
RGI60-13.43994,geodetic_temp_bias,-87.2,-3.1124873244640097,4.259521785529368,12.802395975124238,2000-01-01_2020-01-01,True,
RGI60-13.43995,geodetic_temp_bias,-161.20000000000002,-3.1124873244640097,4.259521785529368,6.009021026803079,2000-01-01_2020-01-01,True,
RGI60-13.43996,geodetic_temp_bias,-204.65888913841167,-3.1124873244640097,4.259521785529368,6.431864832968866,2000-01-01_2020-01-01,True,
RGI60-13.43997,geodetic_temp_bias,-397.8,-3.1124873244640097,4.259521785529368,7.003990459999387,2000-01-01_2020-01-01,True,
RGI60-13.43998,geodetic_temp_bias,-204.65888913841167,-3.1124873244640097,4.259521785529368,5.51443487044331,2000-01-01_2020-01-01,True,
RGI60-13.43999,geodetic_temp_bias,-23.5,-3.108143125676691,4.259521785529368,17.0,2000-01-01_2020-01-01,True,
RGI60-13.44000,geodetic_temp_bias,-131.5,-3.1124873244640097,6.389282678294051,4.794173098153473,2000-01-01_2020-01-01,True,
RGI60-13.44001,geodetic_temp_bias,106.30000000000001,-3.1124873244640097,4.259521785529368,10.193418365602241,2000-01-01_2020-01-01,True,
RGI60-13.44002,geodetic_temp_bias,-204.65888913841167,-3.1124873244640097,4.259521785529368,6.52525275026427,2000-01-01_2020-01-01,True,
RGI60-13.44003,geodetic_temp_bias,0.4,-3.1124873244640097,5.335103868946046,5.0,2000-01-01_2020-01-01,True,
RGI60-13.44004,geodetic_temp_bias,-319.1,-3.1124873244640097,5.235209635940834,5.0,2000-01-01_2020-01-01,True,
RGI60-13.44005,geodetic_temp_bias,-204.65888913841167,-3.1124873244640097,6.389282678294051,4.0698886079095775,2000-01-01_2020-01-01,True,
RGI60-13.44006,geodetic_temp_bias,-126.6,-3.1124873244640097,6.389282678294051,2.691911788892864,2000-01-01_2020-01-01,True,
RGI60-13.44007,geodetic_temp_bias,18.5,-3.1124873244640097,6.389282678294051,4.90336188334952,2000-01-01_2020-01-01,True,
RGI60-13.44008,geodetic_temp_bias,-217.29999999999998,-3.1124873244640097,5.954390543323094,5.0,2000-01-01_2020-01-01,True,
RGI60-13.44009,geodetic_temp_bias,-506.0,-3.1124873244640097,4.259521785529368,7.148972467841845,2000-01-01_2020-01-01,True,
RGI60-13.44010,geodetic_temp_bias,-513.5999999999999,-3.1124873244640097,6.389282678294051,3.8812023163653047,2000-01-01_2020-01-01,True,
RGI60-13.44011,geodetic_temp_bias,-331.8,-3.1124873244640097,6.389282678294051,4.799517085631761,2000-01-01_2020-01-01,True,
RGI60-13.44012,geodetic_temp_bias,-215.10000000000002,-3.1124873244640097,4.259521785529368,11.36105065659101,2000-01-01_2020-01-01,True,
RGI60-13.44013,geodetic_temp_bias,-372.8,-3.1124873244640097,6.389282678294051,4.780898286201232,2000-01-01_2020-01-01,True,
RGI60-13.44014,geodetic_temp_bias,-555.3000000000001,-3.1124873244640097,6.389282678294051,4.427568455569065,2000-01-01_2020-01-01,True,
RGI60-13.44015,geodetic_temp_bias,-377.3,-3.1124873244640097,5.718707957937854,5.0,2000-01-01_2020-01-01,True,
RGI60-13.44016,geodetic_temp_bias,-197.9,-3.1124873244640097,6.389282678294051,2.9850794156538445,2000-01-01_2020-01-01,True,
RGI60-13.44017,geodetic_temp_bias,-433.90000000000003,-3.1124873244640097,4.440723043129929,5.0,2000-01-01_2020-01-01,True,
RGI60-13.44018,geodetic_temp_bias,-457.3,-3.1124873244640097,6.389282678294051,4.790830236821056,2000-01-01_2020-01-01,True,
RGI60-13.44019,geodetic_temp_bias,-398.1,-3.1124873244640097,4.764932228178175,5.0,2000-01-01_2020-01-01,True,
RGI60-13.44020,geodetic_temp_bias,-266.1,-3.1124873244640097,4.259521785529368,5.999864115928013,2000-01-01_2020-01-01,True,
RGI60-13.44021,geodetic_temp_bias,-641.9,-3.1124873244640097,4.259521785529368,5.626859457077523,2000-01-01_2020-01-01,True,
RGI60-13.44022,geodetic_temp_bias,-310.3,-3.1124873244640097,4.259521785529368,5.517621911201863,2000-01-01_2020-01-01,True,
RGI60-13.44023,geodetic_temp_bias,-247.20000000000002,-3.1124873244640097,4.259521785529368,6.657235360741321,2000-01-01_2020-01-01,True,
RGI60-13.44024,geodetic_temp_bias,-235.3,-4.541201984319053,5.022029118535574,5.0,2000-01-01_2020-01-01,True,
RGI60-13.44025,geodetic_temp_bias,0.2,-4.541201984319053,4.583374731879823,12.982303017889084,2000-01-01_2020-01-01,True,
RGI60-13.44026,geodetic_temp_bias,-153.9,-4.541201984319053,4.583374731879823,5.620864519356359,2000-01-01_2020-01-01,True,
RGI60-13.44027,geodetic_temp_bias,-364.8,-3.1124873244640097,4.8120309518563005,5.0,2000-01-01_2020-01-01,True,
RGI60-13.44028,geodetic_temp_bias,-508.6000000000001,-3.1124873244640097,6.389282678294051,4.836379984591456,2000-01-01_2020-01-01,True,
RGI60-13.44029,geodetic_temp_bias,-302.4,-3.1124873244640097,6.389282678294051,4.202929021912748,2000-01-01_2020-01-01,True,
RGI60-13.44030,geodetic_temp_bias,-351.7,-3.1124873244640097,4.259521785529368,7.44792483959332,2000-01-01_2020-01-01,True,
RGI60-13.44031,geodetic_temp_bias,-2.7,-3.1124873244640097,4.259521785529368,10.279432504920795,2000-01-01_2020-01-01,True,
RGI60-13.44032,geodetic_temp_bias,-5.0,-2.6559682107920106,4.259521785529368,17.0,2000-01-01_2020-01-01,True,
RGI60-13.44033,geodetic_temp_bias,-342.1,-3.1124873244640097,6.389282678294051,4.75308347670715,2000-01-01_2020-01-01,True,
RGI60-13.44034,geodetic_temp_bias,-240.2,-3.1124873244640097,4.259521785529368,5.660880898952167,2000-01-01_2020-01-01,True,
RGI60-13.44035,geodetic_temp_bias,-232.6,-4.541201984319053,4.583374731879823,8.472961440657773,2000-01-01_2020-01-01,True,
RGI60-13.44036,geodetic_temp_bias,-318.3,-4.541201984319053,4.583374731879823,6.619852853461409,2000-01-01_2020-01-01,True,
RGI60-13.44037,geodetic_temp_bias,-258.40000000000003,-4.541201984319053,6.875062097819733,4.932690156559985,2000-01-01_2020-01-01,True,
RGI60-13.44038,geodetic_temp_bias,-204.65888913841167,-3.224348775782742,4.583374731879823,17.0,2000-01-01_2020-01-01,True,
RGI60-13.44039,geodetic_temp_bias,-259.1,-4.541201984319053,5.588541809935783,5.0,2000-01-01_2020-01-01,True,
RGI60-13.44040,geodetic_temp_bias,-376.2,-4.541201984319053,4.583374731879823,11.469708261293828,2000-01-01_2020-01-01,True,
RGI60-13.44041,geodetic_temp_bias,-471.9,-4.541201984319053,6.875062097819733,4.768082457039244,2000-01-01_2020-01-01,True,
RGI60-13.44042,geodetic_temp_bias,-297.3,-4.541201984319053,5.759736194492879,5.0,2000-01-01_2020-01-01,True,
RGI60-13.44043,geodetic_temp_bias,-96.8,-4.541201984319053,4.583374731879823,7.863474860180482,2000-01-01_2020-01-01,True,
RGI60-13.44044,geodetic_temp_bias,-540.9000000000001,-4.541201984319053,4.583374731879823,13.240425079749096,2000-01-01_2020-01-01,True,
RGI60-13.44045,geodetic_temp_bias,-364.09999999999997,-4.541201984319053,4.583374731879823,5.694658169491569,2000-01-01_2020-01-01,True,
RGI60-13.44046,geodetic_temp_bias,-390.2,-4.541201984319053,4.927652797192301,5.0,2000-01-01_2020-01-01,True,
RGI60-13.44047,geodetic_temp_bias,-392.2,-4.541201984319053,6.875062097819733,3.9734208587885624,2000-01-01_2020-01-01,True,
RGI60-13.44048,geodetic_temp_bias,-98.0,-4.541201984319053,6.875062097819733,2.8064917628555768,2000-01-01_2020-01-01,True,
RGI60-13.44049,geodetic_temp_bias,-514.4,-4.541201984319053,6.251486985622726,5.0,2000-01-01_2020-01-01,True,
RGI60-13.44050,geodetic_temp_bias,-596.0999999999999,-4.541201984319053,5.703157230387989,5.0,2000-01-01_2020-01-01,True,
RGI60-13.44051,geodetic_temp_bias,-294.70000000000005,-4.541201984319053,4.583374731879823,5.682314812181813,2000-01-01_2020-01-01,True,
RGI60-13.44052,geodetic_temp_bias,-409.6,-4.541201984319053,6.875062097819733,4.300297491865786,2000-01-01_2020-01-01,True,
RGI60-13.44053,geodetic_temp_bias,122.2,-4.541201984319053,4.583374731879823,14.495893079321192,2000-01-01_2020-01-01,True,
RGI60-13.44054,geodetic_temp_bias,-168.4,-4.541201984319053,4.583374731879823,15.855792738188311,2000-01-01_2020-01-01,True,
RGI60-13.44055,geodetic_temp_bias,-477.2,-4.541201984319053,4.583374731879823,5.17949557994907,2000-01-01_2020-01-01,True,
RGI60-13.44056,geodetic_temp_bias,-351.4,-4.541201984319053,6.338836172109733,5.0,2000-01-01_2020-01-01,True,
RGI60-13.44057,geodetic_temp_bias,-314.3,-4.541201984319053,6.6633734512116645,5.0,2000-01-01_2020-01-01,True,
RGI60-13.44058,geodetic_temp_bias,-645.5,-4.541201984319053,4.583374731879823,6.957347166321056,2000-01-01_2020-01-01,True,
RGI60-13.44059,geodetic_temp_bias,-521.0,-4.541201984319053,4.583374731879823,5.941146544249039,2000-01-01_2020-01-01,True,
RGI60-13.44060,geodetic_temp_bias,-549.3,-4.541201984319053,4.583374731879823,8.190369450552714,2000-01-01_2020-01-01,True,
RGI60-13.44061,geodetic_temp_bias,-400.0,-4.541201984319053,6.875062097819733,4.2627386716396245,2000-01-01_2020-01-01,True,
RGI60-13.44062,geodetic_temp_bias,-262.29999999999995,-4.541201984319053,4.583374731879823,5.112052710113483,2000-01-01_2020-01-01,True,
RGI60-13.44063,geodetic_temp_bias,-444.2,-4.541201984319053,4.583374731879823,5.116692012927775,2000-01-01_2020-01-01,True,
RGI60-13.44064,geodetic_temp_bias,-449.5,-3.804212012367676,4.583374731879823,17.0,2000-01-01_2020-01-01,True,
RGI60-13.44065,geodetic_temp_bias,-497.0,-4.541201984319053,4.936139558080933,5.0,2000-01-01_2020-01-01,True,
RGI60-13.44066,geodetic_temp_bias,-226.3,-4.541201984319053,6.875062097819733,3.63346415309583,2000-01-01_2020-01-01,True,
RGI60-13.44067,geodetic_temp_bias,-469.5,-4.541201984319053,6.875062097819733,4.413813605169045,2000-01-01_2020-01-01,True,
RGI60-13.44068,geodetic_temp_bias,-141.3,-4.541201984319053,4.583374731879823,6.214630056396769,2000-01-01_2020-01-01,True,
RGI60-13.44069,geodetic_temp_bias,78.39999999999999,-4.541201984319053,4.583374731879823,5.384000251978997,2000-01-01_2020-01-01,True,
RGI60-13.44070,geodetic_temp_bias,-360.0,-4.541201984319053,6.364004363685685,5.0,2000-01-01_2020-01-01,True,
RGI60-13.44071,geodetic_temp_bias,-388.40000000000003,-4.541201984319053,5.85508217846983,5.0,2000-01-01_2020-01-01,True,
RGI60-13.44072,geodetic_temp_bias,-413.9,-4.541201984319053,6.800104070477929,5.0,2000-01-01_2020-01-01,True,
RGI60-13.44073,geodetic_temp_bias,-263.79999999999995,-4.541201984319053,6.875062097819733,3.2681669349121174,2000-01-01_2020-01-01,True,
RGI60-13.44074,geodetic_temp_bias,-860.6,-2.8684352324999716,4.583374731879823,17.0,2000-01-01_2020-01-01,True,
RGI60-13.44075,geodetic_temp_bias,-176.3,-4.541201984319053,6.875062097819733,4.6699119352605685,2000-01-01_2020-01-01,True,
RGI60-13.44076,geodetic_temp_bias,-321.6,-4.541201984319053,4.956684938954404,5.0,2000-01-01_2020-01-01,True,
RGI60-13.44077,geodetic_temp_bias,-377.09999999999997,-4.541201984319053,6.875062097819733,4.787798413464275,2000-01-01_2020-01-01,True,
RGI60-13.44078,geodetic_temp_bias,-543.1,-4.541201984319053,6.875062097819733,4.910483476320858,2000-01-01_2020-01-01,True,
RGI60-13.44079,geodetic_temp_bias,-981.3,-4.541201984319053,6.875062097819733,4.619658528576119,2000-01-01_2020-01-01,True,
RGI60-13.44080,geodetic_temp_bias,-354.9,-4.541201984319053,6.875062097819733,4.745244868352677,2000-01-01_2020-01-01,True,
RGI60-13.44081,geodetic_temp_bias,-280.3,-4.541201984319053,6.839557002751387,5.0,2000-01-01_2020-01-01,True,
RGI60-13.44082,geodetic_temp_bias,-320.79999999999995,-4.541201984319053,6.875062097819733,2.0318749629459214,2000-01-01_2020-01-01,True,
RGI60-13.44083,geodetic_temp_bias,-409.2,-4.541201984319053,6.875062097819733,4.812515387530459,2000-01-01_2020-01-01,True,
RGI60-13.44084,geodetic_temp_bias,-598.0999999999999,-4.541201984319053,6.875062097819733,3.4411835796106294,2000-01-01_2020-01-01,True,
RGI60-13.44085,geodetic_temp_bias,-149.79999999999998,-4.541201984319053,6.875062097819733,2.8257501441618906,2000-01-01_2020-01-01,True,
RGI60-13.44086,geodetic_temp_bias,-593.6,-3.7360743733767214,4.583374731879823,17.0,2000-01-01_2020-01-01,True,
RGI60-13.44087,geodetic_temp_bias,-553.9,-3.721268426209654,3.8647938174980396,13.329945220241942,2000-01-01_2020-01-01,True,
RGI60-13.44088,geodetic_temp_bias,138.2,-3.721268426209654,5.7971907262470594,4.632647088101539,2000-01-01_2020-01-01,True,
RGI60-13.44089,geodetic_temp_bias,-1037.9,-3.721268426209654,3.8647938174980396,5.303303071178724,2000-01-01_2020-01-01,True,
RGI60-13.44090,geodetic_temp_bias,-182.9,-3.721268426209654,3.8647938174980396,6.187893344615858,2000-01-01_2020-01-01,True,
RGI60-13.44091,geodetic_temp_bias,-422.0,-4.541201984319053,6.875062097819733,3.906164414111057,2000-01-01_2020-01-01,True,
RGI60-13.44092,geodetic_temp_bias,-270.9,-4.541201984319053,6.875062097819733,2.6696353683817655,2000-01-01_2020-01-01,True,
RGI60-13.44093,geodetic_temp_bias,-485.09999999999997,-3.721268426209654,3.8647938174980396,6.803979806721453,2000-01-01_2020-01-01,True,
RGI60-13.44094,geodetic_temp_bias,-110.5,-3.721268426209654,3.8647938174980396,8.915222180577384,2000-01-01_2020-01-01,True,
RGI60-13.44095,geodetic_temp_bias,-187.4,-2.5941069534078967,3.8647938174980396,17.0,2000-01-01_2020-01-01,True,
RGI60-13.44096,geodetic_temp_bias,-365.70000000000005,-5.625618264091382,5.400492343719575,5.0,2000-01-01_2020-01-01,True,
RGI60-13.44097,geodetic_temp_bias,-235.8,-5.625618264091382,4.465705248140563,7.002387045411512,2000-01-01_2020-01-01,True,
RGI60-13.44098,geodetic_temp_bias,-153.0,-5.380755243323387,4.465705248140563,17.0,2000-01-01_2020-01-01,True,
RGI60-13.44099,geodetic_temp_bias,84.5,-4.870871770138341,4.465705248140563,17.0,2000-01-01_2020-01-01,True,
RGI60-13.44100,geodetic_temp_bias,-735.8,-5.625618264091382,6.698557872210844,4.934182971513364,2000-01-01_2020-01-01,True,
RGI60-13.44101,geodetic_temp_bias,-54.300000000000004,-4.2953395312603835,4.465705248140563,17.0,2000-01-01_2020-01-01,True,
RGI60-13.44102,geodetic_temp_bias,-120.6,-5.625618264091382,4.465705248140563,11.214851248451858,2000-01-01_2020-01-01,True,
RGI60-13.44103,geodetic_temp_bias,-37.900000000000006,-5.625618264091382,4.465705248140563,6.315025047976593,2000-01-01_2020-01-01,True,
RGI60-13.44104,geodetic_temp_bias,-222.8,-5.625618264091382,4.465705248140563,8.89582149232201,2000-01-01_2020-01-01,True,
RGI60-13.44105,geodetic_temp_bias,-583.0999999999999,-5.625618264091382,4.977405989211261,5.0,2000-01-01_2020-01-01,True,
RGI60-13.44106,geodetic_temp_bias,-379.2,-5.625618264091382,6.698557872210844,4.550535266861628,2000-01-01_2020-01-01,True,
RGI60-13.44107,geodetic_temp_bias,-174.5,-5.625618264091382,4.465705248140563,6.083183508841533,2000-01-01_2020-01-01,True,
RGI60-13.44108,geodetic_temp_bias,-470.3,-5.625618264091382,5.662512256156692,5.0,2000-01-01_2020-01-01,True,
RGI60-13.44109,geodetic_temp_bias,-131.20000000000002,-5.625618264091382,6.265446669191521,5.0,2000-01-01_2020-01-01,True,
RGI60-13.44110,geodetic_temp_bias,-486.0,-5.625618264091382,4.465705248140563,9.1623311427235,2000-01-01_2020-01-01,True,
RGI60-13.44111,geodetic_temp_bias,-368.3,-5.625618264091382,4.465705248140563,5.4715891293247445,2000-01-01_2020-01-01,True,
RGI60-13.44112,geodetic_temp_bias,-878.6,-5.625618264091382,4.465705248140563,6.7558217180771365,2000-01-01_2020-01-01,True,
RGI60-13.44113,geodetic_temp_bias,-692.8,-5.625618264091382,4.465705248140563,8.538421217426517,2000-01-01_2020-01-01,True,
RGI60-13.44114,geodetic_temp_bias,-576.4,-5.625618264091382,4.465705248140563,6.785931443332458,2000-01-01_2020-01-01,True,
RGI60-13.44115,geodetic_temp_bias,-462.1,-5.625618264091382,4.465705248140563,7.639522109381036,2000-01-01_2020-01-01,True,
RGI60-13.44116,geodetic_temp_bias,-18.700000000000003,-5.625618264091382,4.465705248140563,7.520941718454377,2000-01-01_2020-01-01,True,
RGI60-13.44117,geodetic_temp_bias,-6.0,-6.416737125881551,7.413929262791932,1.5,2000-01-01_2020-01-01,True,
RGI60-13.44118,geodetic_temp_bias,-383.29999999999995,-5.625618264091382,4.465705248140563,12.256589476776462,2000-01-01_2020-01-01,True,
RGI60-13.44121,geodetic_temp_bias,-603.8,-5.625618264091382,4.465705248140563,5.993751128361898,2000-01-01_2020-01-01,True,
RGI60-13.44122,geodetic_temp_bias,-337.0,-5.625618264091382,4.8543627673656955,5.0,2000-01-01_2020-01-01,True,
RGI60-13.44125,geodetic_temp_bias,-238.3,-5.250396933331725,7.413929262791932,1.5,2000-01-01_2020-01-01,True,
RGI60-13.44128,geodetic_temp_bias,248.79999999999998,-8.247560143059808,7.413929262791932,1.5,2000-01-01_2020-01-01,True,
RGI60-13.44131,geodetic_temp_bias,-344.3,-4.95004251953485,7.413929262791932,1.5,2000-01-01_2020-01-01,True,
RGI60-13.44132,geodetic_temp_bias,186.20000000000002,-6.718091878821158,7.413929262791932,1.5,2000-01-01_2020-01-01,True,
RGI60-13.44135,geodetic_temp_bias,25.2,-6.876841202969205,7.413929262791932,1.5,2000-01-01_2020-01-01,True,
