RGI_ID,Corr_TempBias_MB,Corr_PrcpFac_MB,Mean_MB_Mean,Mean_MB_Std
RGI60-13.29877,-0.07380614270790348,0.9913351137047768,-983.0983742835331,16.24291217277634
RGI60-13.29878,-0.07301504988253515,0.989066295374701,-717.6906269247709,15.79040138064101
RGI60-13.29880,-0.07865946067763104,0.9932739768827828,-720.391826240179,18.619227445117748
RGI60-13.29901,-0.04758112951726505,0.9851925753372829,-459.7897662497872,10.919670270922685
RGI60-13.29906,-0.14945482064248522,0.9954379806105412,-541.4016435140874,20.617651575782318
RGI60-13.29919,-0.19750647489985537,0.993425175114279,-707.3868919254215,17.364601372567126
RGI60-13.30108,-0.09047250585684496,0.9916011976220231,-517.7123115254801,15.297775560016628
RGI60-13.30120,-0.043127263115009,0.9876503038727803,-565.7188268208819,13.54013316155214
RGI60-13.30133,-0.1996661078954607,0.9894318787417896,-618.855110126127,14.46305779172678
RGI60-13.30136,-0.13834902262520163,0.9922311070840144,-683.6250433606822,14.870231921440555
RGI60-13.30207,-0.11944193030113673,0.9936898984773653,-401.29447519186493,17.505381071671255
RGI60-13.44129,-0.2374257175245262,0.994494774837772,214.38332946874908,20.128415942150387
RGI60-13.44130,-0.10512271387758979,0.9938749053983218,-217.31495185574684,18.92433156522587
RGI60-13.44134,-0.005905381767071598,0.9956325313479352,-304.67546350894116,20.570960115908584
RGI60-13.44136,-0.11668452215619618,0.9945455924509151,-150.867165113178,19.9453437176774
RGI60-13.44143,-0.2352438060644419,0.9934801838147307,-496.2349684823709,17.62194259566567
RGI60-13.44144,-0.1553036588312916,0.9925352233529109,-7.204784830038951,18.470281412901095
RGI60-13.44148,-0.06457722147269619,0.9801548431945944,-330.5411053681236,10.39117774905577
RGI60-13.44150,-0.06122393364294132,0.9842299714872619,-423.2650657306139,11.615426729494034
RGI60-13.44159,0.014687844213508511,0.9775430889142979,-672.2054526319365,9.62939904979408
RGI60-13.44160,-0.013370935123772824,0.9787098064620408,-728.8607985734695,9.456726356091268
RGI60-13.44161,0.024240612311431122,0.9955368213762394,-506.91661427549366,19.557798730920755
RGI60-13.44190,-0.1852045067691302,0.9926905646251147,-690.7298660782208,15.953821822793781
RGI60-13.44196,-0.1136637051429151,0.9928230116611024,-480.20643397625315,16.06183842696893
RGI60-13.44212,-0.013400049138656623,0.9951424369047268,-356.0394424981903,20.872618387034198
RGI60-13.44217,-0.21929424028810704,0.9963396849224618,-260.89173586660394,21.690538203464527
RGI60-13.44221,-0.09371269245956369,0.9952088580868661,-490.2295904954724,21.761819816053713
RGI60-13.44232,-0.19654133948347557,0.9947377971674513,-434.9318903994611,20.622291831661887
RGI60-13.44235,-0.07496089188328824,0.9933564140192613,-1255.684852144573,17.026840607799432
RGI60-13.44236,-0.14311324520405788,0.9969237904952882,-316.71655163718316,25.26305829254299
RGI60-13.44237,-0.09672594759531342,0.9964543480813944,-107.45476726071117,24.21370406745505
RGI60-13.44239,-0.26692793672389986,0.9973144606494309,-591.6356842036278,24.768113091979163
RGI60-13.44240,-0.10926328582445369,0.994078584861497,-1084.219229167129,18.299126551237368
RGI60-13.44241,-0.10860941540462359,0.9907291185952741,-589.1819144228958,15.903459954469634
RGI60-13.44252,0.05851591209062341,0.9876599577217624,-535.3818004011948,11.522750286610068
RGI60-13.44253,-0.22335029145600438,0.9807833416425616,-256.42063851437945,9.964298981451808
RGI60-13.44300,-0.22568257751943835,0.9758172091371099,-486.03942745273577,10.439024985297237
RGI60-13.44301,-0.18837377586346904,0.9806645137309162,-393.8794142834922,10.926064626543301
RGI60-13.44303,-0.2292400932908005,0.9789205663512082,-622.1056577057959,9.374873706291515
RGI60-13.44304,-0.11559375965817349,0.9864690355508323,-606.1607042783394,11.823679155142399
RGI60-13.44305,-0.25326902639455406,0.981857364438799,-554.8157350507994,9.405389954576453
RGI60-13.44306,-0.19216534362715207,0.9796519822944217,-656.362033522984,9.291663544743793
RGI60-13.44307,-0.2282058938801149,0.9777699741709434,-1040.8560978199391,9.9766748726173
RGI60-13.44308,-0.1234951799478832,0.9828000940675784,-1066.0214704646103,9.257994344123139
RGI60-13.44309,-0.1443174165408475,0.9730163209876906,-117.83298903221241,8.532897239135979
RGI60-13.44310,-0.19667401038555668,0.9696003643016797,-478.1871422166663,8.408897767299258
RGI60-13.44311,-0.10405958721859254,0.9830743684798384,-665.1534458959904,10.236247643638022
RGI60-13.44312,-0.334992867094297,0.9746651941266822,-1167.1628070070285,9.525492929587424
RGI60-13.44313,-0.06554825489284039,0.983192430486012,-317.317013681231,9.402741591430791
RGI60-13.44314,-0.182546366558571,0.9716231152341089,-804.9027125130541,7.696467039248996
RGI60-13.44315,-0.3100548080816704,0.9767874157218722,-566.9286858658015,9.306338021284422
RGI60-13.44316,-0.19061909207394948,0.9566683109059344,-373.3172084715314,7.990990397939246
RGI60-13.44317,-0.18004234171148742,0.9716787048541606,-1155.7643400426387,8.173170828399956
RGI60-13.44318,-0.31264550051103385,0.9548562294010682,-848.5538680240544,6.391065680734737
RGI60-13.44319,-0.338801292797517,0.964405164867762,-651.8390744265894,7.884518129770257
RGI60-13.44320,-0.38162019505294387,0.9744325797342858,-641.3592332282493,9.202971454415955
RGI60-13.44321,-0.39777186602348136,0.9780345779954402,-443.8839228153559,9.20422408365967
RGI60-13.44322,-0.23416725942128908,0.9821683244856947,-575.2301013614721,10.595034815676028
RGI60-13.44323,-0.28545450887672047,0.9679884696778939,-653.223248410397,8.741629880006501
RGI60-13.44324,-0.11655488912517245,0.9860460898440221,-556.8142516244776,10.771299694482494
RGI60-13.44325,-0.2113571987081702,0.9862327931195313,-455.2663588731907,11.18866524231831
RGI60-13.44326,-0.3660583659015704,0.9783719730021766,-377.3922579845307,9.615455482612319
RGI60-13.44327,-0.2630831319001573,0.9791299390821175,-653.817338890199,9.894653220131884
RGI60-13.44328,-0.05590110292345703,0.9811571901193796,-485.0773750691893,9.386933123350811
RGI60-13.44329,-0.103861330995586,0.9759494888114125,-636.2164152567938,8.76409286488499
RGI60-13.44330,-0.23964286296798898,0.9820870536167475,-439.4610937931253,10.308090216783535
RGI60-13.44331,-0.3419752396939111,0.9726128763498452,-645.3913780394058,9.57681798205834
RGI60-13.44332,-0.34968676386636166,0.9723740424100191,-866.932366879928,8.526929227294055
RGI60-13.44333,-0.08873345029477354,0.9705962848568247,-617.5752590976336,8.221063564703424
RGI60-13.44334,-0.13036127766003813,0.9840805800581137,-229.0518950125218,10.773375866061519
RGI60-13.44335,-0.0790967231643744,0.9759869363179092,-822.4530358966485,9.894747234781008
RGI60-13.44336,-0.16509001424049846,0.9873371163008241,-1131.9072202085786,12.056993337015161
RGI60-13.44337,-0.1628028092866473,0.9798302191888735,-638.0668959527824,9.513270065026843
RGI60-13.44338,-0.2126931561717989,0.9734292813270302,-977.0732816052462,8.847347005467865
RGI60-13.44339,-0.24198488571008264,0.9764229303302079,-436.43477494653604,9.27175131819055
RGI60-13.44340,-0.22164818411335274,0.971920009552472,-731.4856830853366,7.9950059738460935
RGI60-13.44341,-0.18307711352809286,0.9779291587851928,-1032.15759590284,8.544141498068544
RGI60-13.44342,-0.4234090700635311,0.9647777516811283,-499.55864261329384,8.129944246361076
RGI60-13.44343,-0.29311028998994676,0.9724191938455123,-793.821047081658,8.511965109099974
RGI60-13.44344,-0.2635276326125183,0.9748113188959644,-555.3540399592596,9.321908147935995
RGI60-13.44345,-0.040044096460890265,0.9848386787927065,-579.0326638036405,11.350160245607428
RGI60-13.44346,-0.06852037843050846,0.9797303293859972,-852.2651057113352,8.93885464695182
RGI60-13.44347,-0.10298771460762508,0.9781894942870015,-741.3355942451251,9.739658499895691
RGI60-13.44348,-0.12113467335164188,0.9822584479698575,-422.94266912872257,9.797853585351952
RGI60-13.44349,-0.17972568369055103,0.9753039630686758,-612.6050254433172,8.996667516208552
RGI60-13.44350,-0.4255830788613804,0.968753881384588,-739.0056197985984,8.52501499990555
RGI60-13.44351,-0.35536247830415085,0.9620435313848043,-1092.1933685373426,8.467001548915098
RGI60-13.44352,-0.12763397389929138,0.9761247409981124,-835.8552721337807,8.514278097437519
RGI60-13.44353,-0.21105413531948636,0.9632385273570865,-670.5034056725917,8.353625063822081
RGI60-13.44354,-0.29292660933332876,0.9780169595599202,-1071.6925313089014,8.833039120956627
RGI60-13.44355,-0.1933229087102575,0.9688360199090401,-565.1685833084654,7.455793943251636
RGI60-13.44356,-0.16438956765760035,0.9910710651669802,-1290.319995989293,13.722243837882607
RGI60-13.44357,-0.14642129120542346,0.9900988539117056,-897.1488073302296,14.141618881901005
RGI60-13.44358,-0.2584351110762176,0.9847925238546611,-1064.2153659429403,11.569950233158954
RGI60-13.44359,-0.4301265462247946,0.9845410085785143,-969.469398814624,11.339161473271686
RGI60-13.44360,-0.30279865850825116,0.9908714209222619,-462.1293435089988,14.013375921194134
RGI60-13.44361,-0.2798879407867536,0.9738475823631438,-1027.9120492819973,9.278692339904575
RGI60-13.44362,-0.3075253266060991,0.9783458557097192,-856.1480913412123,10.035331434765736
RGI60-13.44363,0.027609534739459377,0.9865106127066607,-847.0038215271612,12.216835533458518
RGI60-13.44364,-0.18877861872719237,0.9818734346311558,-788.6842411771792,10.033782907552983
RGI60-13.44365,-0.27017567741858384,0.9926365638907194,-597.305644719146,15.377792290453693
RGI60-13.44366,-0.10151282997058986,0.9890180775798254,-743.0151646881287,14.434515109187304
RGI60-13.44367,-0.20405710805138685,0.9911139417560949,-670.9126510627514,16.727259982095084
RGI60-13.44368,0.03945352543531418,0.9864196519831386,-915.105236742963,12.920196610212278
RGI60-13.44369,-0.3220710826627719,0.9907798051858325,-573.5168205010176,14.239270818131056
RGI60-13.44370,0.06324370999383537,0.9928557268326564,-587.0870537488647,17.250764957460838
RGI60-13.44371,-0.11338776069468078,0.9896833682713149,-663.3896667772309,13.702205079101047
RGI60-13.44372,-0.07257762735935742,0.9903361476966412,-878.6252920782142,13.812734733987146
RGI60-13.44373,-0.09958134072441911,0.9901658736324599,-855.3390491227573,13.719413041474477
RGI60-13.44374,-0.04194619800342188,0.9941139874631395,-919.4008296952566,16.355858344389624
RGI60-13.44375,0.028007781856231057,0.9916863743379435,-849.3363794139233,14.462694646000989
RGI60-13.44376,-0.01848230852225813,0.9913091654031866,-659.903414244701,15.58141857286379
RGI60-13.44377,-0.2206209627745786,0.9886865025993632,-895.5825876213788,13.492821360836556
RGI60-13.44378,-0.011464032260599666,0.9912976868809444,-808.9746031555426,14.874176844191647
RGI60-13.44379,-0.0937206801342683,0.9856340972109655,-970.1998242347362,12.009555031892772
RGI60-13.44380,-0.19533029437538996,0.9875016204985009,-978.6621641964302,12.734610009211535
RGI60-13.44381,-0.14306161736356196,0.9862190404671601,-1122.854310150862,12.743350320446229
RGI60-13.44382,-0.21040759155804784,0.9930942173221972,-290.6021537665489,19.002192649119106
RGI60-13.44383,-0.18654434862381858,0.9919511288268081,-329.39517511593607,16.246784557088052
RGI60-13.44384,-0.0811605794237191,0.9924647400292186,-420.7895085695337,16.789270938401902
RGI60-13.44385,-0.07473719056327911,0.9913167135612813,-281.5812705151521,16.042756988361443
RGI60-13.44386,-0.10918011878472599,0.9952086536358642,-359.7391029761131,22.095871086045765
RGI60-13.44387,0.008107735903441628,0.9947072485457618,-290.33831233777397,20.033251831265677
RGI60-13.44388,-0.03254037024810486,0.9946564062248683,-228.24001502184234,17.625557916883245
RGI60-13.44389,-0.1995691749828015,0.9921933952422382,-100.14669343279138,16.157823656799746
RGI60-13.44390,-0.05731972488586734,0.9947688892109308,-300.21778316102433,20.108017140274747
RGI60-13.44391,-0.0822748684381559,0.9938788699036373,-397.9842640886254,16.96630639110982
RGI60-13.44392,-0.09642502895146486,0.9942432296010897,-361.50887820837596,18.34597506447579
RGI60-13.44393,-0.03927136101188523,0.9930044233965832,-454.4238977604419,16.303780426567158
RGI60-13.44394,-0.13189724964090058,0.9934334232653188,-227.204489225967,18.757752393685173
RGI60-13.44395,-0.16123169579305588,0.993225286565258,-275.98435220283386,18.243237405329037
RGI60-13.44396,-0.08538801710555188,0.9922260823272703,27.142683594784657,17.65062118497433
RGI60-13.44397,-0.07538098723685013,0.9896159135951612,-504.5951224513595,13.880046034908865
RGI60-13.44398,0.12096456255455723,0.9960074827846881,-214.45051313092125,20.04303440858817
RGI60-13.44399,-0.1917277221561855,0.9946936161152912,-346.6141369379052,17.850987668542317
RGI60-13.44400,-0.06653022564191008,0.9939386055517253,-343.4281641212778,17.755187821040145
RGI60-13.44401,-0.038562126825098006,0.9918845839863231,-403.6473155997132,16.903992742867892
RGI60-13.44402,-0.27053661775201393,0.9951547241060271,-155.78271481316997,22.46733846974961
RGI60-13.44403,0.0608144668095196,0.9914967942820475,-356.577848747301,14.860645077530009
RGI60-13.44404,-0.062483216580943114,0.9888065154853356,-491.64180530774786,14.984609687249895
RGI60-13.44405,-0.004753222326452471,0.9943496469572377,-471.01608245822945,16.098967075071865
RGI60-13.44406,0.02235363530425065,0.9923365367579432,-455.4123976109066,13.852081596813557
RGI60-13.44407,-0.09501162038594606,0.9943785800160496,-405.1003059216133,18.970077071744065
RGI60-13.44408,-0.17665537860388095,0.9880558898030872,-438.601434473539,14.415013283586639
RGI60-13.44409,-0.12746597085274292,0.9930537355885267,-421.3676513743149,17.223614200112177
RGI60-13.44410,-0.2310270488340719,0.9937451788467265,-275.6425690767355,15.287204969684254
RGI60-13.44411,-0.17910095875945373,0.9905477073816206,-569.5514026428873,15.566332384207387
RGI60-13.44412,0.034883470605271104,0.9899013136945777,-421.49740466605004,15.158710831076057
RGI60-13.44413,-0.004526200653891177,0.9934789397623918,-204.62500550166882,19.479206131076037
RGI60-13.44414,-0.042530648060831816,0.9891116049488697,-472.39390589417445,14.083572506462877
RGI60-13.44415,-0.05322016996948056,0.9906766106592934,-550.614434813618,14.088470384733657
RGI60-13.44416,-0.20138952927543038,0.9939147438735028,-364.41348679622683,17.23210709318079
RGI60-13.44417,-0.06558731114647395,0.9941447875437207,-338.1387763891383,18.708531676875666
RGI60-13.44418,-0.19901733436475352,0.9907623411030768,-319.9655642794932,15.038729587607625
RGI60-13.44419,-0.12890735322635147,0.9955150879347052,-136.86633436585132,19.56568815566469
RGI60-13.44420,-0.18630545264700668,0.9897379671599429,-555.8038889687373,13.080527184193269
RGI60-13.44421,-0.19109601065917325,0.9884474360458952,-585.9301897600756,13.2507331409352
RGI60-13.44422,-0.17280821601894875,0.9910462104379469,-391.2421866868475,15.61040890325244
RGI60-13.44423,0.0447306848222192,0.9928976815363251,-354.80029230899095,15.929501119018276
RGI60-13.44424,-0.20453461520176414,0.99144936751964,-542.6238588154952,16.902216579934745
RGI60-13.44425,-0.18548072491375453,0.9902816937427824,12.965452242748047,14.569403358884664
RGI60-13.44426,0.059497319191088804,0.9933939086661425,-448.0692669816267,16.233703181029934
RGI60-13.44427,-0.08165520998677545,0.9920325757828675,-643.0084212421924,15.965428183997963
RGI60-13.44428,-0.23350515576860614,0.9946274254287593,-463.5719758391558,18.775000985044922
RGI60-13.44429,-0.12218991186608782,0.985945878660366,-683.1033311932193,13.450734585404321
RGI60-13.44430,-0.10870752569617133,0.9931286951584796,-483.07467561211473,19.49100797758381
RGI60-13.44431,-0.3166604254295522,0.9933417378907788,-547.6461864897213,17.624637390334673
RGI60-13.44432,-0.21689476989550122,0.9916689865985486,-693.9716717362635,15.494006567165991
RGI60-13.44433,-0.14657125745773952,0.9932240044229114,-576.1154629924033,15.053135140434287
RGI60-13.44434,-0.16636537412320446,0.9946040123970533,-340.8059038365178,18.582386999728392
RGI60-13.44435,-0.19159574837878343,0.9942283839213548,-330.48896401404556,16.410460760836205
RGI60-13.44436,-0.13263761484991274,0.9937210954857818,-289.87838614958747,19.075550873276256
RGI60-13.44437,-0.2507285214732866,0.9951838702250501,-327.32924043718293,17.76126535637947
RGI60-13.44438,-0.024661065433800016,0.9927576201484077,-521.2419792400138,17.104242068235965
RGI60-13.44439,0.039068797226356,0.9930454228554848,-532.2108091959612,17.327256165122115
RGI60-13.44440,-0.29171466495317383,0.9906242158504003,-308.14442430302165,15.575793437929098
RGI60-13.44441,-0.11453561605974302,0.9944784170413857,-421.72445646639085,17.593348155542426
RGI60-13.44442,-0.10793209283769714,0.9907089224842771,-621.7999713399699,16.53674447865413
RGI60-13.44443,0.012424601601889913,0.9905239654081343,-443.6338731256943,13.632975388402759
RGI60-13.44444,-0.1632089263558141,0.9916051271525276,-639.5941886980291,15.356336006666817
RGI60-13.44445,-0.20452814268653607,0.9924147369305125,-251.73548581051298,16.31183415243362
RGI60-13.44447,0.03385522609895115,0.9921157860929853,-649.407890603577,17.150453148523
RGI60-13.44448,-0.08614089400993886,0.994226463043132,-461.56271843712767,17.308934786799004
RGI60-13.44449,-0.12429897130848802,0.9905369931791932,-770.1023883816753,13.315782125342379
RGI60-13.44450,-0.15174782191460354,0.9872131661162518,-887.0818142140052,12.99631534168972
RGI60-13.44451,-0.2240064830669969,0.9775882733513549,-299.5822249560431,9.580827239794537
RGI60-13.44452,-0.35020612578381977,0.9825159950558615,-843.3698128649173,9.978970025768021
RGI60-13.44453,-0.2701613268028092,0.9616269611297237,-395.9328082968935,6.679576878526738
RGI60-13.44454,-0.2892939405531394,0.9822500342701838,-43.50096446979517,10.50422070992537
RGI60-13.44455,-0.190911649691915,0.9679426350480164,-885.1266191445295,7.693757459303633
RGI60-13.44456,-0.35478714519859955,0.9652989766587872,-568.0190992257477,8.487383851409891
RGI60-13.44457,-0.20885353004994966,0.9696989067704193,-876.657254046922,8.130694584805154
RGI60-13.44458,-0.30227217332794964,0.9579546934493842,-728.174689925133,7.176725123472236
RGI60-13.44459,-0.30418303767504157,0.9916778843203184,-673.1049265251214,15.166049097403212
RGI60-13.44460,-0.20783728380024644,0.9869877975377053,-505.5914616181864,13.507117528381883
RGI60-13.44461,-0.14390809787515974,0.9887753685640961,-880.0505252267587,13.55339889130994
RGI60-13.44462,-0.0871770483489202,0.9921023576395,-422.49852015842816,15.448075265376911
RGI60-13.44463,-0.10773814394996763,0.9900640019361219,-787.0319638488286,13.38629642157685
RGI60-13.44464,-0.21360476081062416,0.9882655952361821,-589.9141430966308,14.073526905169812
RGI60-13.44465,-0.26310033409592415,0.9920624158427265,-717.1904829642871,15.09801152550042
RGI60-13.44466,-0.24156766870355265,0.9932985527268059,-663.3604754202165,15.036299376947566
RGI60-13.44467,0.007099943300794781,0.9854633420209158,-888.5617154112015,12.432748436656334
RGI60-13.44468,-0.16885936827686635,0.9942289642864881,-752.2945082849166,17.303986809888933
RGI60-13.44469,-0.09903296754660626,0.9929371730536417,-729.207630617805,17.71664939586603
RGI60-13.44470,-0.2208179384557927,0.990016903409658,-640.9494349298708,12.31253745274015
RGI60-13.44471,-0.12975689604696694,0.9884482008397367,-696.1534725610625,13.540902332378115
RGI60-13.44472,-0.04032432003000717,0.9903647505594879,-669.4638245233618,14.173649474718772
RGI60-13.44473,-0.10328528878185927,0.9906350464237166,-646.8452846366225,13.856450827219945
RGI60-13.44474,-0.08808211826690832,0.9885126561490273,-658.9109263578356,13.112334691489368
RGI60-13.44475,-0.23659480627123555,0.9917659088992596,-622.0180858588358,16.505215010957613
RGI60-13.44476,0.0030571929721396954,0.9938030261047408,-391.1286935269165,18.780266860723483
RGI60-13.44477,-0.20491821467871885,0.9898417183059833,-234.75918909665302,12.861461761142065
RGI60-13.44478,-0.2793274442088201,0.9892662972734194,-782.3134986469258,13.839487644501625
RGI60-13.44479,-0.07303650732424423,0.9872578196886003,-601.7449762300984,12.406668169933134
RGI60-13.44480,-0.16129554609861904,0.9894527639318528,80.15113580575867,14.373555399171623
RGI60-13.44481,-0.047764370064245276,0.9905206252278638,-312.32352071763427,15.233067530742087
RGI60-13.44482,-0.04315634396189641,0.9890765302486315,-617.9890611030145,13.852939305042236
RGI60-13.44483,-0.01051073222516055,0.9916596949491233,-832.9493705805667,14.13843881367004
RGI60-13.44484,-0.13203182198052865,0.9894545769196108,-958.3183682795246,14.541886856785021
RGI60-13.44485,-0.1792263935571036,0.9935766637449533,-770.8879387854008,15.984740440900524
RGI60-13.44486,-0.11055678702755344,0.9930436417907132,-89.89309753684611,18.536898199701998
RGI60-13.44487,-0.20436549832289966,0.9875515913888314,-508.14354171301716,12.350610248544458
RGI60-13.44488,-0.16485328364567758,0.9875990495277126,-91.30247091694149,13.49989815575382
RGI60-13.44489,-0.14600443391896692,0.9940498317145451,-650.1912038567593,16.08830075999619
RGI60-13.44490,-0.14322701752112202,0.9915529317022306,-432.02871518069884,15.78763311076882
RGI60-13.44491,-0.17330624953016274,0.9935813301645497,-597.6806252963378,15.089222106466062
RGI60-13.44492,-0.24644693621161742,0.9933480826679659,-498.92810697723803,15.38279190605776
RGI60-13.44493,-0.023902625630040256,0.9916649927552957,-509.57826857458605,16.20302298021925
RGI60-13.44494,-0.10623349289788796,0.9918537173226849,-854.3113522547286,15.084788146122476
RGI60-13.44495,-0.28491405833001787,0.9910453328735426,-968.1231066240812,13.361792937548687
RGI60-13.44496,0.04558453915887889,0.9951864649249786,-36.66228087149655,21.169514131478344
RGI60-13.44497,-0.07877412538330224,0.99424985748007,-382.42780409516257,19.683603313736448
RGI60-13.44498,-0.023650363837353174,0.9926973294745085,-178.78872024557143,17.138245781810543
RGI60-13.44499,-0.24769343512558623,0.9889542989858797,-578.3183756540133,14.573179823612252
RGI60-13.44500,-0.06294577668469724,0.9902907175939868,-702.557476623339,15.126453487585724
RGI60-13.44501,-0.25437724766484987,0.990611673510951,-504.28258081375986,12.978854746765919
RGI60-13.44502,-0.031302546412749085,0.9868449561366414,-659.1654589811842,13.399931563146843
RGI60-13.44503,-0.18225651792690034,0.9957329344446272,-340.9438885450378,18.629360622798675
RGI60-13.44504,-0.04462762658766983,0.993781198276521,-505.86551208787716,18.369848317250185
RGI60-13.44505,-0.14136743866490056,0.9919282825126212,-623.8848030531223,16.205933648974078
RGI60-13.44506,-0.15444914251838224,0.9889894894088652,-625.6995681008829,13.689734890637732
RGI60-13.44507,-0.12567574558599173,0.9914580168742422,-394.7157383985549,16.066673671906038
RGI60-13.44508,-0.2318739004319732,0.9902990618793213,-462.8980155787428,12.760338186787015
RGI60-13.44509,-0.035167700318302006,0.9929047786422246,-252.9169606454303,16.852436174158886
RGI60-13.44510,-0.07157696435082707,0.9914085679171835,-628.7961149785493,14.44223052150201
RGI60-13.44511,-0.05522218654528042,0.9930549766405057,-223.51567416835974,17.92625252806212
RGI60-13.44513,-0.015659548048794908,0.9941591227730865,-349.77227178647155,20.285232110902605
RGI60-13.44514,-0.11400641163547642,0.9967374438146713,-247.2951146407703,23.812423537779797
RGI60-13.44515,0.021604999268396326,0.9943122689761883,-335.07087598188036,20.14139358575117
RGI60-13.44518,-0.12315583234780327,0.9952181196129898,-706.1795075932492,19.447362370362068
RGI60-13.44520,-0.11818996635932148,0.9921390378644479,-718.6780149649596,16.787087337443086
RGI60-13.44521,-0.21293204100642696,0.9908941015397402,-794.5899887129676,15.992418017803661
RGI60-13.44522,-0.018026861903712745,0.9942156378376417,-406.7855414623619,19.876165635473775
RGI60-13.44524,0.011559034332501623,0.9956705533560053,-450.1996932034083,21.085460426453576
RGI60-13.44525,-0.05225156327849515,0.9967935048066767,-85.8275645206428,26.18716103625259
RGI60-13.44526,-0.03219185227052574,0.9970574432094443,-366.3148373915036,24.761999320464565
RGI60-13.44527,-0.19760183220338262,0.9938587484337645,-548.7810871209924,18.759823510028696
RGI60-13.44528,-0.31453687964222465,0.9937968776048614,-582.695495078019,18.778695690538637
RGI60-13.44529,-0.09871058332931915,0.9967089884212219,-204.06406590913633,25.436596602470015
RGI60-13.44531,-0.20631739618173334,0.9950545476010738,-549.9855090189346,19.694912348333762
RGI60-13.44532,-0.03581092417229514,0.9962372096109787,-538.904206217845,24.171197783999464
RGI60-13.44534,-0.0037219693330927065,0.995346885609501,-521.2860194064734,20.217928265258706
RGI60-13.44535,-0.14011254108447677,0.9955662132619346,-442.3995241231221,20.570280945918295
RGI60-13.44536,0.12078936893506696,0.9946853581708077,-369.55588662524957,18.188080636914513
RGI60-13.44537,-0.09817368000785462,0.995858742854983,-446.42099263578785,21.593358068248172
RGI60-13.44538,-0.013406174582570865,0.9971363800450417,-424.8407680299942,25.19836686590043
RGI60-13.44539,-0.13483638133898754,0.9965835057902016,2.5574644734987,27.72071923097958
RGI60-13.44540,0.028527611352562633,0.9967387259777185,-283.19917367397954,25.694959981195428
RGI60-13.44541,-0.027161049129795174,0.9971438907476979,-287.8530958803218,26.883841105600013
RGI60-13.44542,-0.010711299888636144,0.9962106695219265,-499.74570419780554,22.585898121146606
RGI60-13.44543,-0.11928491687695274,0.9971576651794802,-96.6081037150834,27.157806973137905
RGI60-13.44544,-0.15946572184876442,0.9934227698446357,-670.1570857112208,16.382990976601572
RGI60-13.44545,0.04020565960800874,0.995589153402859,-339.33110147803507,21.84343779069443
RGI60-13.44547,-0.060118348670100887,0.9957184732323251,-316.13287060105415,22.079063363427057
RGI60-13.44548,0.011527379161357869,0.9963804083290119,-520.0077116787244,21.525560197073684
RGI60-13.44549,0.20310147940404064,0.9973221216291984,-334.23467151724236,28.55562982579956
RGI60-13.44550,0.04517152189352058,0.9962393032152895,-291.76551602551933,22.70295167093033
RGI60-13.44551,-0.2150544381113165,0.9965237853557343,-595.498663315608,22.359816932828675
RGI60-13.44552,-0.1045618717309578,0.9936536456033999,-854.5142443991498,16.161834572269715
RGI60-13.44553,-0.03278216148805714,0.9905186085981735,-664.260053136586,14.310328593904336
RGI60-13.44554,-0.2637798530169109,0.9878224692343018,-546.5492469542628,13.480535880029967
RGI60-13.44555,-0.22211593408567534,0.9907232654272079,-567.4593859645571,15.360879878871742
RGI60-13.44556,-0.13882363115491095,0.9875461438910313,-589.0126759568178,13.961466252101653
RGI60-13.44557,-0.1576391117264487,0.994484354727439,-409.0057139145637,17.985783562663244
RGI60-13.44558,-0.2752128994975232,0.9904863341353091,-614.7213196552601,15.343131355638224
RGI60-13.44559,-0.23677370705830425,0.9898333372545,-572.8496203237862,14.711854321939962
RGI60-13.44560,-0.25959648798339896,0.9920065509399847,-668.7427269726651,14.884393733439584
RGI60-13.44561,-0.018189215851236125,0.9878708916765525,-601.9282384859122,13.262496612887972
RGI60-13.44562,-0.1613543737265912,0.9853913648067034,-521.0792763553662,13.26286564779207
RGI60-13.44563,-0.18105374347676284,0.9879706069635106,-627.9817646640346,12.6677533652694
RGI60-13.44564,0.05704130624750403,0.9908021908080349,-692.092572124165,14.627130028595323
RGI60-13.44565,0.1420086937293167,0.9931538774691708,-410.60748417067464,17.69517870306613
RGI60-13.44566,-0.10458261060962208,0.9908391856553359,-825.7906709513157,15.043270544994824
RGI60-13.44567,0.04133196064866781,0.9911251616253117,-804.0724669289119,15.622708422370971
RGI60-13.44568,-0.026256628720076565,0.9952199042309408,-712.1171042823273,18.613380709469308
RGI60-13.44569,-0.08254507355884667,0.9953406084328108,-607.6274495607341,20.275433556503568
RGI60-13.44570,0.0035514967119943375,0.9944674307259592,-572.1986558705072,19.09853493967001
RGI60-13.44572,-0.15077993182296837,0.9888322984054765,-921.59154026049,13.46770965925965
RGI60-13.44573,0.04638087535186638,0.9945365304165343,-577.4346460153946,18.75709134819007
RGI60-13.44574,-0.3544000674072746,0.9948158976570048,-456.34849470604377,18.222513541656294
RGI60-13.44575,-0.17717283743806303,0.994558889408365,-558.834389133983,14.896208342767979
RGI60-13.44576,-0.18508918323514348,0.9942845403347212,-676.7694142594809,17.16168125782197
RGI60-13.44577,-0.2007760942693426,0.9949012814846733,-458.2719317725629,19.994082610575315
RGI60-13.44578,-0.34898647590477455,0.9917221145026044,-655.5275872105116,16.925819948997038
RGI60-13.44579,0.023486529431790523,0.9961104852730139,-284.4500264163658,23.43292408693114
RGI60-13.44580,-0.36550522560472615,0.9911970605124947,-889.7849503650104,15.016325211437142
RGI60-13.44581,-0.08143467147571741,0.9942478851919273,-677.7558747538619,18.884707034612386
RGI60-13.44582,-0.09895591088067084,0.9944783928741425,-773.0210970053917,17.355690989286675
RGI60-13.44583,-0.12962299003325795,0.9936932505329366,-494.4463156255819,18.803895841045264
RGI60-13.44584,-0.0941379738588527,0.9928458315965063,-514.7477278840621,18.06779109661566
RGI60-13.44585,-0.09718011144459507,0.9938926358098169,-766.356561400821,18.768621126122856
RGI60-13.44586,-0.16206133791272373,0.9902977843945553,-722.1101950878686,15.389537630751017
RGI60-13.44587,-0.15394670533907162,0.995089902368008,-501.84989882228126,19.110941071884504
RGI60-13.44588,-0.004355896911237436,0.9967059548662109,-503.4444661038015,21.652060230681705
RGI60-13.44589,-0.18499252938538283,0.9966315908061687,-180.93210558682412,22.106023985885727
RGI60-13.44590,-0.30268107600868155,0.9959273712929808,-386.13211763145256,24.127370169005157
RGI60-13.44591,-0.05373701245296623,0.9904053083945537,-798.2597598786283,15.268420347253702
RGI60-13.44592,-0.17020069581305639,0.9901268722968226,-899.3500937478957,13.623818667566173
RGI60-13.44593,0.045489674092035706,0.9961604304607566,-649.5915134719593,18.41204376314532
RGI60-13.44594,-0.2035022227777286,0.9972764657327413,-331.4097981961487,26.34818360406371
RGI60-13.44595,-0.2329771463801005,0.9933456868260685,-703.3859829119682,16.668759248523582
RGI60-13.44596,0.05228426931300168,0.99263420551905,-632.8709627297912,17.790062261397036
RGI60-13.44597,-0.33052426157026377,0.993221123563558,-676.5709934544857,15.246564777880435
RGI60-13.44598,-0.07270214576303413,0.9959286473820715,-431.1067841729511,19.872456624631308
RGI60-13.44599,-0.022068314925372732,0.9907394569677349,-964.6972002295955,14.573166761104194
RGI60-13.44600,-0.2155155318456332,0.9880504950668437,-633.5093342200488,12.682710952404133
RGI60-13.44601,-0.19806068312627184,0.9909854813427116,-505.9719253965313,14.573266703023872
RGI60-13.44602,-0.32600748399001733,0.9911713691702271,-8.994835255511857,14.702386887621651
RGI60-13.44603,-0.2791727289813652,0.9876019120337075,-772.5139789051958,13.26113690978671
RGI60-13.44604,-0.086906206481368,0.9959222302393894,-286.45628501720654,19.43371628859162
RGI60-13.44605,-0.26651972456059825,0.9887987828431362,-110.16983503049747,13.597211356925927
RGI60-13.44606,-0.13107053745942573,0.9948432683646952,-308.5006771610967,21.03199023282841
RGI60-13.44607,-0.2520928051063422,0.9921641944811115,-554.1484433753147,15.520914521786782
RGI60-13.44608,-0.1817163940255512,0.9833362757716239,-1234.6230082993811,11.215168040334524
RGI60-13.44609,-0.12406798049099645,0.9913537043065017,-634.0062772279657,13.358596926886024
RGI60-13.44610,-0.22241414528732614,0.9925914865846229,-534.2485394189798,17.881235738553084
RGI60-13.44611,-0.18109562002765295,0.9866998588998578,-578.0122713406932,11.362376743823702
RGI60-13.44612,-0.17710853547363853,0.99195380443592,-621.7401092537785,16.985666305886266
RGI60-13.44613,-0.08408830197798609,0.9873949757317872,-636.5446916468223,12.62685836066294
RGI60-13.44614,-0.15412721620215342,0.9922044967159388,-664.5073639759881,17.157557804884238
RGI60-13.44615,0.08362223595994119,0.9942589837657207,-230.4357481259983,18.62317222905546
RGI60-13.44616,-0.05368808748678658,0.9841169627979975,-846.3828496487845,11.341736424047037
RGI60-13.44617,-0.28883383291799564,0.9909113663339106,-417.4739128009935,15.032018522236825
RGI60-13.44618,-0.33855975513842806,0.9944503487152709,-618.8712252151647,17.955052343976618
RGI60-13.44619,0.0654189093787363,0.9920030580450586,-379.79884247114353,15.306709532536733
RGI60-13.44620,-0.11377180081851329,0.984068676006663,-503.380030107793,11.191618278707281
RGI60-13.44621,-0.1501629095017273,0.9907759555380153,-457.6466867476323,14.529673833923802
RGI60-13.44622,-0.1533392003154182,0.9940321762647643,-565.8447129639175,17.654212039856553
RGI60-13.44623,0.08002326635364404,0.9903436357144212,-491.6927362272444,13.876198059208328
RGI60-13.44624,-0.14173939662573465,0.9937225236601562,-197.57571163639605,18.8630580300671
RGI60-13.44625,-0.047004640132358264,0.995332536956904,-374.75461157710646,22.156040627203314
RGI60-13.44626,-0.004299118022165861,0.9918790879923175,-698.5155240311066,16.120567756824773
RGI60-13.44627,-0.08185231329215517,0.9906740480601508,-435.95215258376214,16.211148029979828
RGI60-13.44628,-0.1645232215703406,0.9904610971569493,-231.23962154594923,13.92581936079891
RGI60-13.44629,-0.2559388055671795,0.9925620207930888,-711.5368822606284,15.876712467966545
RGI60-13.44630,-0.24799790363890303,0.9941261883827403,-289.74434167299006,18.213307915307656
RGI60-13.44631,0.02028565708563357,0.9952568243314569,-590.4818831836411,17.090038712911493
RGI60-13.44632,0.027313037876109995,0.9963215825123685,-186.4688942131556,23.298384787212115
RGI60-13.44633,0.02068987327516973,0.990533942306193,-203.0772410014831,13.863522372735511
RGI60-13.44634,-0.15440483073155054,0.9909847065259907,-626.6619579736121,15.392245207132483
RGI60-13.44635,-0.2457214372532886,0.9889000206266076,-584.627158763891,14.14125304260577
RGI60-13.44636,-0.07338153532082337,0.990764973689475,-641.5337779198821,15.30145539575911
RGI60-13.44637,-0.14961130864632838,0.9874637780793375,-648.4220720621207,12.689611125585449
RGI60-13.44638,0.007195093763131283,0.9889055137152004,-696.6190578720237,13.924051730419933
RGI60-13.44639,-0.37236579094040895,0.9819300308927932,-667.0911582966697,10.326175013240027
RGI60-13.44640,-0.15947699043911467,0.988452502953009,-744.7241364741789,12.067736169167096
RGI60-13.44642,-0.2578449554201311,0.9893501803005809,-624.0758453061076,12.92166421571715
RGI60-13.44643,-0.13302819475081706,0.9907688807363941,-639.9600251729536,14.648782107972766
RGI60-13.44644,-0.043706102485557265,0.9950079237221929,-428.5160503751777,19.92838765159055
RGI60-13.44645,-0.289010270712325,0.9836888987104878,-757.9231889798239,11.438612733099738
RGI60-13.44646,-0.24417397841783428,0.9781292644091618,-666.0560437555552,9.83390280893726
RGI60-13.44647,-0.024742694920487755,0.9880912363341738,-653.1043915815055,12.896350281324063
RGI60-13.44648,-0.40217655196968854,0.9823557101796169,-443.679939988272,10.451299940436561
RGI60-13.44649,-0.03529301738731368,0.9885048092825452,-830.104554611895,13.44692585224128
RGI60-13.44650,-0.18047998592915623,0.986317544283654,-641.260115600628,12.681590840122144
RGI60-13.44651,-0.22947375355261493,0.9837906300652958,-565.761439436847,12.382658960171756
RGI60-13.44652,-0.13900564839205753,0.9896504444452079,-775.837262725865,13.816555136135294
RGI60-13.44653,-0.11718333502353022,0.9841790845600651,-805.7815577803424,10.933354128623003
RGI60-13.44654,-0.21282181409194206,0.9897360568598146,-573.8774501303476,13.621833730466427
RGI60-13.44655,-0.2200647379338445,0.9906240110899954,-807.2270235207804,13.893194580255074
RGI60-13.44656,-0.06821825178515933,0.9909867018132507,-165.1480373587504,13.374260318164431
RGI60-13.44657,-0.13095481469246883,0.9833570844732218,-279.59207658426936,11.738938485592133
RGI60-13.44658,-0.1050380451762414,0.9879014992634599,-603.3465924776528,13.784877424636448
RGI60-13.44659,-0.2653481900532073,0.9892422378611884,-723.3005039022647,12.954661070759403
RGI60-13.44660,-0.16844220456046535,0.9921502136587839,-271.83420058595186,17.699084349658893
RGI60-13.44661,-0.2906869868514397,0.9822075052759363,-661.5397457007703,10.698985040414444
RGI60-13.44662,-0.16572494615481045,0.9761274550662639,-686.7278426127706,9.602501992258464
RGI60-13.44663,-0.17098921404792228,0.984515073967077,-570.5861725439268,11.285670167480324
RGI60-13.44664,-0.01723162343976147,0.9934707966686823,-542.5333816569778,16.91368091266155
RGI60-13.44665,-0.1938574140753579,0.9843703751457762,-753.5909130175963,12.357206361046202
RGI60-13.44666,-0.18427244864480902,0.9879325482300464,-676.1524985982464,12.678991411555677
RGI60-13.44667,-0.20358435458233776,0.9890099027842837,-743.2477303481294,11.941439260558544
RGI60-13.44668,-0.1079775803600271,0.9939237442521194,-430.9724996719731,16.906949370290963
RGI60-13.44669,-0.1593587107794432,0.9936837447141932,-393.5354184471724,17.50434100887073
RGI60-13.44670,-0.22722622623153002,0.9907555629193645,-794.9753816060028,16.00633701056703
RGI60-13.44671,-0.12939890516263977,0.9923549307073112,-388.7081271276085,16.793170195248727
RGI60-13.44672,-0.13947811520073145,0.982904371718716,-683.4639800416304,11.304633529985015
RGI60-13.44673,-0.09666994569060146,0.984185209506767,-732.0915689169393,11.32288424707961
RGI60-13.44674,-0.13823936975766135,0.9940188238180032,-554.1331846710243,18.436363561034312
RGI60-13.44675,-0.2664080472237732,0.9854337249581868,-1005.9867146534108,11.77393173164158
RGI60-13.44676,-0.31474891741223965,0.9941034334552067,-675.4344115720882,18.322621369347587
RGI60-13.44677,-0.16271994099845574,0.9893135754319818,-746.7195228892139,13.912439543540945
RGI60-13.44678,-0.004932874577304564,0.993559862888106,-539.968290730191,16.53597703211662
RGI60-13.44679,-0.12827213104573162,0.9954241082627064,-727.5352210759199,23.090532955388294
RGI60-13.44680,-0.19820587497650724,0.9946010623146408,-396.36475642459374,18.415944916216446
RGI60-13.44681,-0.05666754011828877,0.9958867985097467,-269.4414812636202,22.009646974719338
RGI60-13.44682,-0.1920817130119257,0.9852964471159865,-766.8327107015839,12.090932794482024
RGI60-13.44683,-0.15604631709439645,0.984463062363428,-622.5006226403159,10.723731320938338
RGI60-13.44684,-0.20558981471281926,0.9878274151088668,-610.6697388118249,13.606099740923545
RGI60-13.44685,-0.23874241372878074,0.9899842944467827,-850.0596296288512,15.11972044236796
RGI60-13.44686,-0.1522427841534186,0.9887922374004873,-538.4050166204609,12.26676597993035
RGI60-13.44687,-0.2949110398159019,0.9894600992799338,-357.02665037333327,13.997315689229886
RGI60-13.44688,-0.23435843376873206,0.9900499594772485,-761.0654481438524,14.023946444636582
RGI60-13.44689,-0.2825370069046421,0.9881320147111089,-400.78826783256403,11.238015244854818
RGI60-13.44690,-0.0688371565201502,0.9895967196384745,-804.4357297558475,12.227613699696708
RGI60-13.44691,-0.31547501734342903,0.9885892699290179,-572.7109180512454,13.388598615580564
RGI60-13.44692,-0.18291732746218764,0.9850803135002436,-626.6105084044784,10.368535116882656
RGI60-13.44693,-0.22570419021004112,0.9885712081281827,-379.0638249134432,12.588835091019034
RGI60-13.44694,-0.03513648503063444,0.9887341306821719,-885.9568753862483,13.4969599021434
RGI60-13.44695,-0.17073803737362747,0.9859545780545358,-890.9305965236116,12.95054610250418
RGI60-13.44696,-0.23827040816900166,0.9923480478349559,-797.208086896283,14.56702485654641
RGI60-13.44697,-0.1458193516323543,0.991373745665776,-807.7681160210853,15.190701423452749
RGI60-13.44698,-0.17134956216649938,0.9934226958703262,-713.7364279908272,16.29208243834935
RGI60-13.44699,-0.019306850428946896,0.9918069066025742,-468.32523138226725,15.751925822276101
RGI60-13.44700,-0.1490025521525973,0.9927029757844752,-428.33890390215345,16.421596347601387
RGI60-13.44701,-0.06670761888240893,0.9919627433076584,-662.119770235819,17.165246714454163
RGI60-13.44702,-0.07825946774356829,0.9929208723661632,-388.1341686361873,17.698121872284272
RGI60-13.44703,-0.08639610782728337,0.9959461423377068,-499.49757287010596,20.457740944735644
RGI60-13.44704,-0.22879435845145285,0.9935639293500289,-293.8286370267823,18.791595959879327
RGI60-13.44705,-0.11704273037749811,0.9948107501823835,-389.7612492626564,19.147603772438632
RGI60-13.44706,-0.2954592021637327,0.986968011912118,-593.633613910969,12.886856589588138
RGI60-13.44707,0.06528709167407228,0.9921925002708688,-609.634025653082,13.668212717792668
RGI60-13.44708,-0.14484315914987256,0.9952460889131345,-474.4815130562383,18.18799623472888
RGI60-13.44709,-0.17482948935848852,0.9906899995186326,-752.8113566381207,14.653864823250291
RGI60-13.44710,-0.20833375582319558,0.993267923044857,-549.9018965545987,17.170631638471914
RGI60-13.44711,0.048229104591057795,0.9927681198308389,-424.3672334060019,16.68166210072168
RGI60-13.44712,-0.23596956134892696,0.9893947617392304,-1150.7487867379732,14.036156761068662
RGI60-13.44713,0.006161155549706017,0.9963029264954582,-260.8360537652012,19.08394320154988
RGI60-13.44714,-0.016676583265985073,0.9912307543485879,-213.96627307014117,16.55313671129836
RGI60-13.44715,-0.1975128505814057,0.9915496684636586,-730.979598818126,14.43500583265103
RGI60-13.44716,-0.12743981187573192,0.9927686287741194,-706.431034038337,17.239589566712148
RGI60-13.44717,-0.3189353834789194,0.9928486539222183,-609.1769753536271,15.967956700440633
RGI60-13.44718,-0.12351397817744438,0.9923411468118064,-559.8454670172453,15.564717381877035
RGI60-13.44719,-0.2911961330058269,0.9913566855690001,-503.46302290533026,16.702325036294503
RGI60-13.44720,0.05362747079643082,0.9955305689921423,-307.2978847768258,19.55721228329067
RGI60-13.44721,-0.21538905177276904,0.9939967538752037,-512.2268620621032,18.374152317950784
RGI60-13.44722,-0.1857866577346787,0.9912011484412645,-667.869403934334,14.020138434997962
RGI60-13.44723,-0.1379931442791734,0.994177972826485,-372.73052258237453,16.846077241689155
RGI60-13.44724,-0.45093862511585664,0.9880488945110922,-619.0554876687635,13.680444773126698
RGI60-13.44725,-0.3146585277269503,0.9926188238523362,-528.844541249583,18.179315701703683
RGI60-13.44726,0.005939328737376356,0.9963304421414072,-316.17927663506845,21.320429652363458
RGI60-13.44727,-0.06246056621314705,0.9951506508279895,-496.4512359237279,17.796214135189235
RGI60-13.44728,-0.056875991896256584,0.9909100467099851,-633.265697532423,14.800061812234908
RGI60-13.44729,-0.17622259630556641,0.9897981385735591,-623.7475233993828,13.83226018260204
RGI60-13.44730,0.061137702966469566,0.9925181892032975,-761.7655243250298,14.777058141712208
RGI60-13.44731,-0.26299230465598766,0.9947776848782032,-467.56621756905827,17.432935380984016
RGI60-13.44732,-0.03883403172001671,0.9939977673884199,-598.6505070054483,18.111221716068176
RGI60-13.44733,-0.11572543711890355,0.9954241151918402,-208.34373928242934,22.073958394196755
RGI60-13.44734,-0.25503001465832187,0.9967726642322423,-250.23658073378283,24.932795231547292
RGI60-13.44735,-0.1269217536072908,0.9941877119323667,-615.1373643090191,17.109938989852438
RGI60-13.44736,0.0845439160066898,0.9950659591260709,-285.5688080171869,18.389260195914563
RGI60-13.44737,0.07585910357951088,0.9962169417902871,-430.00154742332955,19.231481646618427
RGI60-13.44738,-0.27515976986577645,0.9869792101208757,-598.5643072634319,10.745415279937223
RGI60-13.44739,-0.08504615312396285,0.9938490519350671,-471.39248723276665,16.267830357321582
RGI60-13.44740,-0.12088708101100414,0.9763980943775274,-275.7018622609828,10.097122969334663
RGI60-13.44741,-0.39492303074860097,0.9898459198265863,-855.2956761309417,13.80000810719414
RGI60-13.44742,-0.23093577757624628,0.9878809904994714,-641.0271869097683,14.188173508623308
RGI60-13.44743,-0.11017561459413394,0.9868463935961785,-139.4049350572586,12.086448646753642
RGI60-13.44744,-0.02731883891099754,0.9873995738775584,-383.88237018650676,12.62834372214516
RGI60-13.44745,-0.2169744203992701,0.9813645898942125,-304.82821425490766,10.681164943512735
RGI60-13.44746,-0.05397179527333103,0.9850409879592419,-400.44470675231037,11.511217837770632
RGI60-13.44747,-0.08070100217243434,0.9852438720241253,-742.3254275703721,12.30401443965477
RGI60-13.44748,-0.21240763340405813,0.9856324699165442,-967.0408464508379,12.689257420169872
RGI60-13.44749,-0.2228646953084454,0.9860674444582554,-531.0011982056756,13.068295695961835
RGI60-13.44750,-0.12329637423734517,0.9888163892914354,-376.57700842675587,12.558700714285608
RGI60-13.44751,-0.11528265108585624,0.9920283572863883,-565.0880662580865,15.348153202360132
RGI60-13.44752,-0.2133953291955451,0.9805005396251274,-759.8659981769666,10.958974906977732
RGI60-13.44753,-0.21290299735462603,0.9819249103101944,-484.2506692719007,10.72205545761973
RGI60-13.44754,-0.26034703479220433,0.9931980719105257,-648.4631008879976,14.358392724272825
RGI60-13.44755,-0.021452792757276587,0.9954869774780651,-22.783031760055007,21.393496111677777
RGI60-13.44756,-0.10229875144993891,0.9939194053489819,-353.5126581268351,18.519726914307054
RGI60-13.44757,-0.018772932196247764,0.9886469796846562,-319.8574808328674,13.368915353581306
RGI60-13.44758,-0.08632482526540988,0.9893294687243334,-635.9633110031787,14.323263027996864
RGI60-13.44759,-0.34711606162157704,0.9760048376040322,-931.9286006906276,8.967723206133568
RGI60-13.44760,-0.06897240588503281,0.993724524238402,-414.59481367814186,17.212323909288944
RGI60-13.44761,-0.17587627600156475,0.9767932892204104,-1056.2808248507429,10.952881367887422
RGI60-13.44762,-0.27360273597086154,0.9935765137691832,-753.7584887771147,17.281321157115826
RGI60-13.44763,-0.16833358838981002,0.9826672727728595,-755.3860925283096,10.535430730972347
RGI60-13.44764,-0.26124386124089355,0.9833425128306645,-646.643502233067,10.20058500036003
RGI60-13.44765,-0.0570741684123633,0.9908283836766733,-740.7010453113727,15.41681552273384
RGI60-13.44766,-0.0715823476803941,0.9858201104792664,-449.3541920040217,12.896003319659192
RGI60-13.44767,-0.19871921834610115,0.9908142941430306,-500.28390228847746,12.930869029935856
RGI60-13.44768,-0.20145902375893543,0.9917197274533923,-716.4848094769341,15.230768150540538
RGI60-13.44769,-0.3065355867116472,0.9836441938189622,-525.51224730516,11.321685137895788
RGI60-13.44770,-0.157141987014629,0.9860239401210424,-1089.7702853911019,13.235500887515155
RGI60-13.44771,-0.014732580522213561,0.9944182737428316,-303.50928338094474,17.63061781181835
RGI60-13.44772,-0.048537704854385966,0.9892725360869927,-743.990221156508,13.330124251209526
RGI60-13.44773,-0.12614187366095633,0.9906790292437552,-554.7184654918836,14.743555091219127
RGI60-13.44774,0.04258811387347836,0.9869450915486417,-1027.1090842807714,12.997197013538601
RGI60-13.44775,-0.009724241568222365,0.990109216012274,-731.9565078003225,13.862921217161636
RGI60-13.44776,-0.2742110110986304,0.9944248780708279,-468.3976283139668,17.524539235580335
RGI60-13.44777,-0.02276879108460536,0.989236385238568,-676.870817745491,14.279700827057333
RGI60-13.44778,0.021187837919837582,0.994046261615014,-269.6422102804849,17.44768758956626
RGI60-13.44779,-0.13201671913645704,0.99467256725035,-461.4349611880157,18.005531087484137
RGI60-13.44780,-0.02096833583454187,0.9922697618973946,-238.4126707862807,15.020870439781701
RGI60-13.44781,-0.031806100082140805,0.9937218426416142,-375.22335070502044,16.595109048263538
RGI60-13.44782,-0.19864358986803177,0.9922230267654799,-693.8343799319275,14.423395281154892
RGI60-13.44783,-0.18523471660769125,0.9942385024082654,-507.71520281144245,16.758817900047223
RGI60-13.44784,-0.1775596115463764,0.992431889026555,-921.6171042266265,15.673121384739824
RGI60-13.44785,-0.14578360858980896,0.9899666331147593,-292.279496573544,15.243263644489776
RGI60-13.44786,-0.19276038569500462,0.9956026282949444,-467.31913010858364,21.018488366322767
RGI60-13.44787,-0.20548217515138076,0.9940693909299783,-643.4893179685287,16.719295014441176
RGI60-13.44788,-0.0985670174356765,0.9889628957209603,-756.6558462375535,14.117398837485856
RGI60-13.44789,-0.0034940276099904616,0.9973462977145299,-317.81923867720906,27.955842131848293
RGI60-13.44790,-0.02745601976751513,0.9903560529265898,-658.3387117779763,15.190436636785297
RGI60-13.44791,-0.11055516849619608,0.9877994931520199,-849.3273609364572,14.156636876712833
RGI60-13.44792,-0.06647097272866218,0.9923416258883795,-669.6986871971064,14.608171203887984
RGI60-13.44793,-0.12985310556463397,0.9949255380777323,-325.13898740104503,22.279335763765594
RGI60-13.44794,0.20549622157144332,0.9915516168874047,-786.4308452079007,14.113475061262028
RGI60-13.44795,-0.08902340885828965,0.9918698043364618,-301.55407369222894,17.190605601320144
RGI60-13.44796,-0.09281021755210733,0.9902067037732534,-761.4067069010276,14.449255482505846
RGI60-13.44797,-0.14869729423922612,0.9891057300091545,-625.1495866759138,13.959009069455622
RGI60-13.44798,-0.12221774204820264,0.9952344000929484,-291.0677097386508,21.25334914755231
RGI60-13.44799,-0.22213924490031056,0.9935153205287207,-502.58260161006365,17.67411049219101
RGI60-13.44800,-0.17698626595217506,0.9941129607851272,-238.25309804131962,20.511946448723016
RGI60-13.44801,-0.18154030012328812,0.9943285917985087,-436.6128582038774,15.81837565113977
RGI60-13.44802,0.004002679943272761,0.9943660849063755,-370.7934932867787,17.868372535278873
RGI60-13.44803,-0.0015944034862281757,0.9957937073270321,-17.84636715139052,23.11478140282792
RGI60-13.44804,0.007480092982815696,0.9939715924777492,-463.25813855864254,15.489599883497021
RGI60-13.44805,-0.12687625610882325,0.9912445326717811,-472.44527694481474,15.759540547422885
RGI60-13.44806,0.11669795858957896,0.9954288576006054,-225.48862969922754,19.512696987343407
RGI60-13.44807,-0.1729777653439507,0.9638184331213153,-290.2437924287309,8.871592409617131
RGI60-13.44808,0.020916541947539485,0.9958616914221526,-309.9810004872233,22.524746464399946
RGI60-13.44809,-0.14779082735784896,0.9973443469060402,-205.29297068642757,24.16591069931666
RGI60-13.44810,-0.07270253084886757,0.9948920507050698,-605.4885159935445,17.717274665993365
RGI60-13.44811,-0.20433095218151714,0.9926937576731152,-450.51286962001393,18.26294543079913
RGI60-13.44812,0.00044473001204278296,0.992868502345153,-683.1912548409814,16.416388127003806
RGI60-13.44813,-0.20454554477658682,0.9949285938826052,-537.9764719013255,18.06510287212021
RGI60-13.44814,-0.32777170501821673,0.9956061571383398,-489.8939302359146,18.207793324951563
RGI60-13.44815,-0.1893596296322594,0.9943944290296054,-528.5445094558941,17.983218419988344
RGI60-13.44816,-0.26516111466425113,0.9910377626638812,-449.021084684511,15.329002449945115
RGI60-13.44817,-0.14638004785427328,0.9941801369390992,-616.2934323095465,17.106203866694404
RGI60-13.44818,-0.16441549980569126,0.991238006802905,-551.469011749123,14.061926905128972
RGI60-13.44819,0.04142501966494052,0.9942419389803092,-534.2305224631289,17.758581590308427
RGI60-13.44820,-0.05352252147393742,0.9913622183789138,-538.004703887096,15.947137212777076
RGI60-13.44821,-0.19176990959730097,0.9903806986610111,-767.4616979771765,14.862551250945657
RGI60-13.44822,0.056425529781190545,0.9948443977420456,-340.2604002964098,18.09643771350903
RGI60-13.44823,-0.10062856947549292,0.9930321048258617,-631.207151533294,15.413648988204022
RGI60-13.44824,-0.13513977147314607,0.994709415780562,-612.2932039803077,18.620907463362506
RGI60-13.44825,-0.4950975997316332,0.995145366762371,-511.77937474211734,16.495973721054153
RGI60-13.44826,0.034307874303383626,0.9957719573474622,-350.25632849614334,20.494042314982153
RGI60-13.44827,0.027516885953602025,0.9954168334521755,-415.7314255301515,22.651301081803364
RGI60-13.44828,-0.3842293834205996,0.9917181810966424,-719.8995752523313,14.978493229809462
RGI60-13.44829,0.021450393375058423,0.9964151489680333,-297.8740764310858,25.304204424988896
RGI60-13.44830,-0.004031730368486624,0.9950579464123984,-265.9280753075646,20.187462986622673
RGI60-13.44831,-0.14039967659369693,0.9967823727043083,-190.41996367989472,23.37480927198813
RGI60-13.44832,-0.08277044315615448,0.9923227121837511,-562.0980670786998,17.010729923824947
RGI60-13.44833,-0.2452833246293282,0.9909488184060813,-452.6349540697892,13.187105898589573
RGI60-13.44834,-0.20223989950853005,0.9925850523408213,-382.96838631408866,16.903448724242846
RGI60-13.44835,-0.2107674211917631,0.9940429601591744,-269.06227969899066,18.693699504908867
RGI60-13.44836,0.0024357254352718885,0.9927634829906564,-410.5387101183683,17.383793215091938
RGI60-13.44837,-0.04932147466073325,0.9915504964119343,-604.3427592702827,15.78403883737441
RGI60-13.44838,-0.039701224572480445,0.9939539798574408,-564.2434411240151,17.088694849609983
RGI60-13.44839,0.12715941680013015,0.9946255567793463,-341.6469475821011,18.1117512247772
RGI60-13.44840,-0.014115071757686455,0.9930791730299435,-496.48388825275106,18.26338660344334
RGI60-13.44841,-0.07276811240509246,0.9909152778433312,-486.04487745206904,15.305362967710199
RGI60-13.44842,-0.18840765423769515,0.995936256393626,-291.47960484551766,20.279223548738646
RGI60-13.44843,-0.12621560906994975,0.9949057059969534,-432.2984831914008,18.31470054742061
RGI60-13.44844,0.058535454079818694,0.9961497046866361,-412.59331070133453,22.186083582284773
RGI60-13.44845,-0.27565756558226845,0.9958948561814418,-475.57807018711463,18.8272903282393
RGI60-13.44846,-0.291818211055873,0.9969093152585332,-141.55630219771666,25.057901291980524
RGI60-13.44847,0.008617564861267062,0.9901601856765079,-529.5075768733655,15.420925028751268
RGI60-13.44848,-0.10705844418210016,0.9939879816514905,-393.9462894307885,18.551066815831117
RGI60-13.44849,-0.25120887574058537,0.9929429939734339,-482.07302528852,16.798208429669728
RGI60-13.44850,-0.08591952477225957,0.9940901482093203,-566.0378155320275,17.503676852007775
RGI60-13.44851,-0.14786972751115812,0.9953087694747963,-92.17510049137255,22.314476314180215
RGI60-13.44852,-0.16306644715351287,0.993268641119518,-257.05077019587986,18.33797180765766
RGI60-13.44853,-0.35396301682406067,0.9975890965312336,36.018053950879576,27.894090020988283
RGI60-13.44854,-0.027293264990933836,0.9926171510818264,-386.2877629646815,16.922135614938988
RGI60-13.44855,-0.2761915002390457,0.9969239934398286,-68.17485159702733,26.01733575693879
RGI60-13.44856,-0.10942044758086938,0.9947595424310167,-539.1130743271474,17.158585353838625
RGI60-13.44857,-0.014820569974645339,0.9849603356669198,-678.6603530135548,11.249042406983559
RGI60-13.44858,-0.14413832140132526,0.9938443769294636,-481.0589467923029,18.713814960392845
RGI60-13.44859,0.0436569175863232,0.9936657057753546,-421.8442642325587,18.350683833180817
RGI60-13.44860,-0.06947870768997018,0.9955666459179384,-348.80798429855696,21.58223135821529
RGI60-13.44861,-0.014331176478930827,0.9926053791274011,-514.318001212231,17.666367100225884
RGI60-13.44862,-0.11238428323156324,0.9935698113991339,-513.5414083583464,16.919953842971957
RGI60-13.44863,-0.29706073223121776,0.9949590756875751,-519.2463645510405,21.818500903986696
RGI60-13.44864,-0.1321653786005386,0.99312129428947,-481.3542803856301,17.85069286287699
RGI60-13.44865,-0.140948718837717,0.992152077391552,-498.90386299901263,16.066851429710834
RGI60-13.44866,-0.22476877205958476,0.987839849016849,-525.579808918975,12.330701065680964
RGI60-13.44867,-0.07521617360859945,0.9940405248202988,-408.5468098100706,19.58229448498819
RGI60-13.44868,-0.13343696018789153,0.9939762126036042,-316.67868554706934,19.482584361723102
RGI60-13.44869,-0.08088222718776392,0.9964693389466592,-255.04787493473088,20.106541491215662
RGI60-13.44870,-0.1711725969000759,0.991672086731546,-388.0535195181099,16.78244946163668
RGI60-13.44871,-0.17057907100601555,0.9954145639491903,-511.5317282269945,18.230263358496895
RGI60-13.44872,-0.06686453105260513,0.9948449941209767,-279.54727205080485,19.48944598122842
RGI60-13.44873,-0.17620068213688142,0.9945265534533507,-187.16069945554835,19.38530195271422
RGI60-13.44874,-0.156297049770462,0.99614785958257,-113.70794835547179,21.32528892333123
RGI60-13.44875,-0.16354785320443113,0.9957515821849402,-44.005224692824,23.76721513055866
RGI60-13.44876,-0.21941127376094824,0.9970890270778331,-253.8131828401141,23.963310526254915
RGI60-13.44877,-0.09816464649976063,0.9961205297298733,-361.1825777567766,19.977407181329674
RGI60-13.44878,-0.031072091244871494,0.9965889745114502,-81.98811831039612,24.835749525572346
RGI60-13.44879,-0.04751419652203728,0.9966992745038358,-235.40213347910813,22.246419233013576
RGI60-13.44880,-0.09704121964168927,0.995433816982957,-125.45296071506051,21.33721977333037
RGI60-13.44881,0.15492525203857213,0.9958986158483403,-125.54150023987202,21.980363995332617
RGI60-13.44882,-0.005061862487282582,0.9957134345873598,-394.3385996758256,20.410056207700478
RGI60-13.44883,-0.0005825925831385776,0.9932555630924585,-453.44242767435315,17.503657724528946
RGI60-13.44884,-0.12589180364190186,0.9944830775997971,-543.5635830706677,17.817035407470957
RGI60-13.44885,0.036206089672237145,0.9965680262518785,-179.97044099310705,22.296348298064178
RGI60-13.44886,-0.18631547865230788,0.996672680484102,-124.73945884114877,23.58028121539495
RGI60-13.44887,-0.026006274331528068,0.9970920254405314,-133.58933795142187,24.612273754209095
RGI60-13.44889,-0.26955842104953537,0.9918375235242358,-378.11437924488797,16.97779458466876
RGI60-13.44890,-0.24122059768398732,0.9934933490462193,-558.8137096152327,17.423237741793287
RGI60-13.44891,0.0852939471572168,0.9939443903727062,-383.9992251420027,18.76474369642534
RGI60-13.44895,-0.09742323024111206,0.9886387888805541,-814.022934600453,11.986319255155431
RGI60-13.44907,-0.07547996786201848,0.9960712793161263,-55.07233247160738,19.306851148185167
RGI60-13.44910,-0.00880799300312752,0.986332430651766,-676.6669921159845,11.507417168937815
RGI60-13.44912,-0.08776281910623768,0.9867377573383151,-294.17894028070634,13.473245054180284
RGI60-13.44915,-0.22688762060939713,0.9957688662335196,-283.27962471054246,18.809255818997936
RGI60-13.44916,-0.13259712873392296,0.9873441340325326,-823.7306333781909,12.421567219084121
RGI60-13.46078,-0.14807421027972123,0.986607502807969,-875.8004371524938,13.44872540263957
RGI60-13.46100,0.016533604922657808,0.98902103721772,-507.3051144104143,15.574869743008787
RGI60-13.46101,-0.15929249570493995,0.9799716578012905,-1035.4776657722912,11.053385439321486
RGI60-13.46116,-0.17372424979145437,0.9891572185348612,-712.8801572975492,12.833909742887347
RGI60-13.46117,-0.059445886092800576,0.9885652426506225,-688.1734771591072,12.730026032106446
RGI60-13.46120,-0.20146267484759478,0.9850584464176,-1036.9083177203759,11.831329867111775
RGI60-13.46125,-0.11151723144299237,0.9866935433260127,-711.1604313889918,12.389906102306478
RGI60-13.46126,-0.13504870991730514,0.9888546689522085,-847.0120543561856,12.903636763348272
RGI60-13.46132,-0.1870649225666746,0.9913292380092599,-774.0838320595177,15.457385178813832
RGI60-13.46150,-0.05643690656607504,0.9949511556060257,-525.6895988826407,19.778643488149946
RGI60-13.46168,-0.035245408737591556,0.9966098115340342,-403.8360008354988,20.13769762124477
RGI60-13.46181,-0.09682925753185553,0.9944935016045263,-524.2900226220275,19.664384236091617
RGI60-13.46186,-0.1000919936672552,0.9919920019705066,-719.9242859743678,16.762792236346986
RGI60-13.46191,0.03181895219243207,0.9937624093460136,-492.0202401284659,17.710396514030688
RGI60-13.46205,-0.1282860468121916,0.9931298560699888,-695.0494322518264,15.258836643441779
RGI60-13.46336,-0.18105249154188335,0.9947507345149518,-664.7918493026847,17.63767839716139
RGI60-13.46339,-0.21336873424370645,0.9946443651488371,-615.5006446204712,19.557305910486306
RGI60-13.46343,-0.2200303046330087,0.9925462978712545,-850.6952559846952,16.676436544962165
RGI60-13.46347,-0.0713547049662862,0.9866530046797999,-781.6853458945569,11.610181695627329
RGI60-13.46348,0.045550309903072794,0.9881825114633522,-912.9626065388578,13.48033375038885
RGI60-13.46352,-0.3315988548612423,0.9914401505399586,-686.8642633142247,14.662483772674777
RGI60-13.46355,-0.23797273008511102,0.9881248815960612,-847.5409278692398,13.152299803131168
RGI60-13.46359,-0.14234422530405955,0.9928735954017384,-845.2952414714657,16.186560753701002
RGI60-13.46362,-0.15021959874709653,0.9902580923146472,-682.8933083747023,14.992679557118883
RGI60-13.46369,-0.22126106944133117,0.986611597462446,-605.287459203228,12.726389871619523
RGI60-13.46370,-0.05851506313549426,0.9915892656589098,-693.9137552258524,14.391651497793408
RGI60-13.46371,-0.3514462080173564,0.9892052342940003,-784.2377299300556,13.232118458144097
RGI60-13.46376,-0.21824272058476,0.9899852060911266,-709.5336099953928,14.345594971504797
