Year,SSP,Mean_Runoff_m3,Std_Runoff_m3,Mean_Smooth_m3
2020.0,ssp126,7639137776.600003,1422696415.871946,
2021.0,ssp126,7746408336.599994,1197620431.7215626,
2022.0,ssp126,7567384428.199999,1080589460.0773356,8019207500.719998
2023.0,ssp126,8432749741.200002,1445073133.6572888,8064169339.759996
2024.0,ssp126,8710357220.999996,1413343560.4877834,8265536640.6399975
2025.0,ssp126,7863946971.799997,1477507494.6020646,8301839850.159999
2026.0,ssp126,8753244841.000002,1634855000.6736455,8260716158.759997
2027.0,ssp126,7748900475.800001,1612217323.1882718,8180267363.999997
2028.0,ssp126,8227131284.199995,1772184332.495401,8278173738.999998
2029.0,ssp126,8308113247.199995,1238073883.5813541,8234163519.279999
2030.0,ssp126,8353478846.800003,915855223.3088964,8440064886.519999
2031.0,ssp126,8533193742.4,874883625.6818206,8508544413.359999
2032.0,ssp126,8778407311.999998,1188304510.9058414,8719066718.8
2033.0,ssp126,8569528918.399999,1424399154.549778,8784350644.759998
2034.0,ssp126,9360724774.399994,1895296851.4541316,8777904134.719997
2035.0,ssp126,8679898476.6,2428089729.141706,8792253279.319998
2036.0,ssp126,8500961192.199994,891888445.0466152,8920456722.079998
2037.0,ssp126,8850153035.000004,1302266313.086038,8882589179.119999
2038.0,ssp126,9210546132.199997,1301730152.0810647,8819363259.119999
2039.0,ssp126,9171387059.599997,1903619267.4362552,8822860823.319998
2040.0,ssp126,8363768876.599998,1427064365.5288281,8701516197.679998
2041.0,ssp126,8518449013.199995,1414766787.7904584,8614575744.679998
2042.0,ssp126,8243429906.8,872927264.7421358,8550334472.6399975
2043.0,ssp126,8775843867.199997,936971076.7795174,8661418206.24
2044.0,ssp126,8850180699.399992,1453333682.6261508,8680115911.16
2045.0,ssp126,8919187544.600004,1665488076.8457856,8732205982.999998
2046.0,ssp126,8611937537.799995,1822435039.9553742,8800197178.159998
2047.0,ssp126,8503880265.999997,1271428455.5198026,8734259715.96
2048.0,ssp126,9115799842.999996,1093590833.75855,8748393709.079998
2049.0,ssp126,8520493388.4,1760913815.485358,8726399211.32
2050.0,ssp126,8989857510.2,1282687039.145785,8573857432.999998
2051.0,ssp126,8501965049.000003,850982370.3299915,8521570905.960001
2052.0,ssp126,7741171374.399997,1693017256.512555,8561938125.440001
2053.0,ssp126,8854367207.800001,1557647867.8690698,8486020660.480001
2054.0,ssp126,8722329485.8,895162962.5694166,8600475009.480001
2055.0,ssp126,8610270185.399998,2420556114.0154,8899570562.600002
2056.0,ssp126,9074236793.999996,1958376916.919315,8949535258.080004
2057.0,ssp126,9236649140.0,2297445553.8692813,8968783372.520004
2058.0,ssp126,9104190685.200005,1270582512.5473542,9012522560.720005
2059.0,ssp126,8818570058.000002,2139480164.1708858,9027346072.880005
2060.0,ssp126,8828966126.4,1886771825.67103,8940338882.720005
2061.0,ssp126,9148354354.800007,2307742061.038116,8794245875.040005
2062.0,ssp126,8801613189.200005,1656554107.7752986,8808491476.440006
2063.0,ssp126,8373725646.800003,2266353572.0180826,8731667062.760004
2064.0,ssp126,8889798064.999998,2386513654.1328173,8625173897.880005
2065.0,ssp126,8444844057.999994,1918660569.0287461,8593895481.400005
2066.0,ssp126,8615888530.400005,1996667510.28079,8626547090.760004
2067.0,ssp126,8645221106.8,1888315631.4238145,8434808102.040004
2068.0,ssp126,8536983693.599998,1984887295.0245004,8329969407.520006
2069.0,ssp126,7931103121.399999,1349384392.4942257,8230963671.040006
2070.0,ssp126,7920650585.4,1346815296.0157697,8043414052.480005
2071.0,ssp126,8120859848.000008,1863065377.1752968,7941867909.440007
2072.0,ssp126,7707473014.0,2264738954.933209,7803866558.080008
2073.0,ssp126,8029252978.400006,2052738761.4413402,7695403398.320007
2074.0,ssp126,7241096364.600003,1327766623.644118,7473304500.080007
2075.0,ssp126,7378334786.599996,1164228487.8646607,7383528340.560007
2076.0,ssp126,7010365356.800003,1340242333.447201,7327260258.080005
2077.0,ssp126,7258592216.399999,844975495.1799973,7369482749.680003
2078.0,ssp126,7747912565.999998,1572259677.5990195,7334682876.360003
2079.0,ssp126,7452208822.599996,966166137.6419638,7324102014.000002
2080.0,ssp126,7204335419.999997,1243644081.3949,7331424212.920001
2081.0,ssp126,6957461044.999995,1327683096.8869925,7246434277.120003
2082.0,ssp126,7295203211.000003,610767562.5872,7143262456.080004
2083.0,ssp126,7322962887.000006,866776324.7004592,6956839036.240004
2084.0,ssp126,6936349717.4,1142939692.998126,6929392979.080005
2085.0,ssp126,6272218320.8,705901298.6030233,6782236651.000004
2086.0,ssp126,6820230759.199997,1282453431.72231,6613088145.640001
2087.0,ssp126,6559421570.6,927247964.7156613,6596342517.920001
2088.0,ssp126,6477220360.199995,709681271.3055751,6543241135.999999
2089.0,ssp126,6852621578.800001,1153927871.755782,6424587599.960001
2090.0,ssp126,6006711411.199992,1114792570.6367764,6375909749.240001
2091.0,ssp126,6226963079.000002,1217488941.225614,6300292772.800001
2092.0,ssp126,6316032317.000004,949775469.0516689,6180017127.3600025
2093.0,ssp126,6099135478.000002,897957145.6647047,6220984244.240004
2094.0,ssp126,6251243351.600004,991011657.849812,6228545421.360003
2095.0,ssp126,6211546995.5999975,858047763.5616958,6206873997.040003
2096.0,ssp126,6264768964.599998,1038406827.8199339,6184390486.440002
2097.0,ssp126,6207675195.4000025,866101032.0314245,6209911123.560002
2098.0,ssp126,5986717924.999998,673998253.7828624,6199610845.480001
2099.0,ssp126,6378846537.200003,769184714.1601429,
2100.0,ssp126,6160045605.199997,553619988.422091,
2020.0,ssp370,7270688068.6,1073936754.465826,
2021.0,ssp370,7677381736.4,1123206474.395015,
2022.0,ssp370,8170517849.200009,1249378776.0186753,7740589590.56
2023.0,ssp370,7636176069.999994,1137124530.6834986,7924298868.960001
2024.0,ssp370,7948184228.600001,1783143165.4605446,8051355626.76
2025.0,ssp370,8189234460.599996,2014513703.6422458,8328601552.119998
2026.0,ssp370,8312665525.400003,1299796581.3833199,8660986670.48
2027.0,ssp370,9556747476.000002,1182321472.666522,8834036975.439999
2028.0,ssp370,9298101661.799997,1891701234.5731905,9036908343.199999
2029.0,ssp370,8813435753.399998,822131649.0877917,9198907096.48
2030.0,ssp370,9203591299.400005,774925096.5092155,9023779458.920002
2031.0,ssp370,9122659291.800007,1947742949.9149654,8887300134.52
2032.0,ssp370,8681109288.200003,1618043262.085822,8933415694.920002
2033.0,ssp370,8615705039.799995,1579373134.8160284,9046988751.519999
2034.0,ssp370,9044013555.4,1184220259.790747,9168214134.599997
2035.0,ssp370,9771456582.399996,2131117947.3666663,9249480014.999996
2036.0,ssp370,9728786207.199999,2138045131.0588133,9615542182.119997
2037.0,ssp370,9087438690.2,1875184378.659785,9700909294.159996
2038.0,ssp370,10446015875.4,2233918701.499954,9907937577.959997
2039.0,ssp370,9470849115.600002,2241710536.46487,9984521046.48
2040.0,ssp370,10806598001.400005,2913030095.289386,10137235532.919998
2041.0,ssp370,10111703549.8,1574463150.906027,10009615570.999996
2042.0,ssp370,9851011122.399998,1793763173.35919,10096652395.399998
2043.0,ssp370,9807916065.799997,2579233013.9362545,9897803239.119995
2044.0,ssp370,9906033237.600004,2398831487.914185,9884640418.239996
2045.0,ssp370,9812352220.000002,1656775816.4918323,9905464944.88
2046.0,ssp370,10045889445.400007,2535629107.162009,9956369834.24
2047.0,ssp370,9955133755.600002,2812405779.9347873,9990862640.039999
2048.0,ssp370,10062440512.599997,614081605.8517132,10114385388.519999
2049.0,ssp370,10078497266.600004,1844501436.6030834,10057724582.839996
2050.0,ssp370,10429965962.399998,2220370874.5596504,10075908689.999996
2051.0,ssp370,9762585416.999998,1415983357.9044785,10000595425.8
2052.0,ssp370,10046054291.400005,1621802412.9526243,10013386234.48
2053.0,ssp370,9685874191.600002,1399228301.2839584,9825504011.16
2054.0,ssp370,10142451310.000004,1273647389.9939952,9875143252.84
2055.0,ssp370,9490554845.8,1373081472.3868635,9823378071.24
2056.0,ssp370,10010781625.399996,1609211641.691671,9929572730.639996
2057.0,ssp370,9787228383.40001,1018470499.6265775,9895843072.599997
2058.0,ssp370,10216847488.599993,1359486305.3875663,9909602114.399994
2059.0,ssp370,9973803019.800003,2174650815.331241,9812825208.999996
2060.0,ssp370,9559350054.799992,1148810414.1112869,9737282861.479994
2061.0,ssp370,9526897098.400002,991386159.9415069,9650767630.399998
2062.0,ssp370,9409516645.800001,1373897833.2613342,9505291657.039995
2063.0,ssp370,9784271333.200003,1784340809.7838597,9443432470.839996
2064.0,ssp370,9246423152.999994,1004647572.0782229,9307567247.159996
2065.0,ssp370,9250054123.800001,1478911600.0331204,9169161099.999994
2066.0,ssp370,8847570980.000002,1022423020.8282195,8996470461.879993
2067.0,ssp370,8717485909.999996,984937175.4712429,8993470497.439997
2068.0,ssp370,8920818142.600004,335617907.3694549,8889643028.199997
2069.0,ssp370,9231423330.800005,966883094.75806,8908932059.159996
2070.0,ssp370,8730916777.600002,726987220.4986888,8955804269.519999
2071.0,ssp370,8944016134.799997,1456775478.232746,8871483322.479996
2072.0,ssp370,8951846961.800013,1117388446.7822711,8769740061.959995
2073.0,ssp370,8499213407.399997,475469454.8695957,8711966911.639994
2074.0,ssp370,8722707028.199999,972621199.5336361,8637746389.879993
2075.0,ssp370,8442051026.0,548339983.7583787,8495495163.519991
2076.0,ssp370,8572913526.000002,762248398.3220426,8448240950.879992
2077.0,ssp370,8240590829.999992,641023848.7406762,8358246699.239992
2078.0,ssp370,8262942344.2,529491739.00817055,8279414489.519994
2079.0,ssp370,8272735770.0,1011909243.1371524,8135542088.479993
2080.0,ssp370,8047889977.400006,657023585.9569985,8128982535.479993
2081.0,ssp370,7853551520.799998,642846424.3660533,8104050586.8799925
2082.0,ssp370,8207793064.999995,811523154.9079769,8071661606.239992
2083.0,ssp370,8138282601.199999,673987112.495609,8111305303.719991
2084.0,ssp370,8110790866.799997,1087694898.5764327,8147255160.759992
2085.0,ssp370,8246108464.800003,715685635.1791105,8143249680.279994
2086.0,ssp370,8033300806.0,989015713.0928589,8064847021.279994
2087.0,ssp370,8187765662.600009,978658270.5265487,7962983634.919995
2088.0,ssp370,7746269306.2,420599775.613015,7908173622.679995
2089.0,ssp370,7601473934.999998,1048057590.1527028,7869834583.319994
2090.0,ssp370,7972058403.599997,805745961.5162312,7813087401.879992
2091.0,ssp370,7841605609.199997,471869237.2447541,7693614572.719992
2092.0,ssp370,7904029755.399997,1289372866.0111206,7740488091.039991
2093.0,ssp370,7148905160.400004,1277820525.2150395,7660073488.839992
2094.0,ssp370,7835841526.6,926015754.3840909,7564454791.999992
2095.0,ssp370,7569985392.6,1203000727.9499433,7428996214.159993
2096.0,ssp370,7363512124.999998,881292838.2334616,7513427870.679993
2097.0,ssp370,7226736866.2,1397745175.2864833,7367221325.399992
2098.0,ssp370,7571063442.999998,1431572368.396717,7316930104.399992
2099.0,ssp370,7104808800.2,859539040.3047312,
2100.0,ssp370,7318529287.599997,1055214053.521841,
2020.0,ssp585,7778450624.800003,1472577296.5481427,
2021.0,ssp585,7760847084.999995,1309500007.2482207,
2022.0,ssp585,7647189101.000005,1033997372.4722247,7984699719.4800005
2023.0,ssp585,8410422739.0,801488807.0862117,8024403140.599998
2024.0,ssp585,8326589047.599998,2094728417.5743682,8270553895.719999
2025.0,ssp585,7976967730.399997,1165855711.745836,8427096678.399997
2026.0,ssp585,8991600860.6,1385667652.7080266,8454523202.559998
2027.0,ssp585,8429903014.399997,1151691635.7197104,8429873012.679996
2028.0,ssp585,8547555359.800005,1709159601.6804101,8440466206.919996
2029.0,ssp585,8203338098.199991,1297655155.280554,8452278945.519997
2030.0,ssp585,8029933701.599996,1850342168.5996408,8695666028.999998
2031.0,ssp585,9050664553.599995,1189208545.4866207,8967856412.8
2032.0,ssp585,9646838431.800005,1321258514.5236437,9256174593.720003
2033.0,ssp585,9908507278.800009,1978086851.9928071,9500965060.680004
2034.0,ssp585,9644929002.8,1795434414.860916,9531537076.640005
2035.0,ssp585,9253886036.399998,1120748542.260261,9530091140.640003
2036.0,ssp585,9203524633.399998,1505244038.539842,9665550364.680002
2037.0,ssp585,9639608751.799995,1217925154.401858,9639195804.360004
2038.0,ssp585,10585803399.0,2012455660.3044107,9790333630.400003
2039.0,ssp585,9513156201.200008,1631378064.746882,9859550252.920004
2040.0,ssp585,10009575166.59999,1010183455.0841982,9911504269.360004
2041.0,ssp585,9549607746.0,1229205980.1319945,9994709479.480003
2042.0,ssp585,9899378834.000004,1386513456.5350392,10251685090.080002
2043.0,ssp585,11001829449.599993,3498097199.1023602,10426754868.920004
2044.0,ssp585,10798034254.2,2705708749.7946424,10588981835.240005
2045.0,ssp585,10884924060.800007,1876583172.188613,10683595706.000006
2046.0,ssp585,10360742577.600002,2550935257.7337103,10713250052.32001
2047.0,ssp585,10372448187.800003,2109604879.2391994,10810500570.800009
2048.0,ssp585,11150101181.200005,2952565829.228397,10746398065.280008
2049.0,ssp585,11284286846.600006,2494042150.037625,10846095444.160007
2050.0,ssp585,10564411533.199999,2504579406.41264,10958472633.120007
2051.0,ssp585,10859229472.000004,1918946693.0644424,10784935285.200008
2052.0,ssp585,10934334132.600002,2556428225.681524,10615657886.200006
2053.0,ssp585,10282414441.600006,2368611088.2659492,10591713053.640005
2054.0,ssp585,10437899851.6,2376328249.812046,10600655348.760004
2055.0,ssp585,10444687370.399994,1951734893.5165057,10511477505.640003
2056.0,ssp585,10903940947.599997,2268410171.9649773,10673693618.4
2057.0,ssp585,10488444916.999994,1530364863.8452852,10643256759.04
2058.0,ssp585,11093495005.399998,2167075863.166324,10620853849.240002
2059.0,ssp585,10285715554.800003,1648332261.2594547,10440163543.720003
2060.0,ssp585,10332672821.399994,1732528644.374958,10259870580.160006
2061.0,ssp585,10000489420.000004,2039845786.164031,10031929250.520004
2062.0,ssp585,9586980099.200003,1313899933.571111,9905705037.800003
2063.0,ssp585,9953788357.199997,1367095127.3515232,9684567134.920004
2064.0,ssp585,9654594491.199995,1153892026.7130961,9526330238.000004
2065.0,ssp585,9226983306.999996,776129931.8403476,9468466138.520002
2066.0,ssp585,9209304935.4,533670208.9975171,9207182124.680002
2067.0,ssp585,9297659601.8,441194970.9339135,9038997930.000002
2068.0,ssp585,8647368287.999996,922738172.7289429,8922720101.520004
2069.0,ssp585,8813673517.799997,832410928.06826,8870324981.800005
2070.0,ssp585,8645594164.600006,605032309.7917272,8736355589.440002
2071.0,ssp585,8947329336.800003,719501988.6980423,8776137669.800003
2072.0,ssp585,8627812639.999996,1068049034.070773,8816766061.840004
2073.0,ssp585,8846278689.800003,693553573.8175484,8814241829.920002
2074.0,ssp585,9016815478.0,1352328698.6693208,8839423632.040003
2075.0,ssp585,8632973004.999996,519430513.3824476,8786898593.640003
2076.0,ssp585,9073238347.400005,1234089006.4146771,8678175803.960003
2077.0,ssp585,8365187447.999998,521306493.7494788,8653731256.280003
2078.0,ssp585,8302664741.400004,803934264.18455,8614426954.440002
2079.0,ssp585,8894592739.600002,760648047.9008836,8464144836.520001
2080.0,ssp585,8436451495.8,1227049398.68878,8577383859.840002
2081.0,ssp585,8321827757.8,825898018.5072308,8641224053.84
2082.0,ssp585,8931382564.600002,741911367.4133718,8635011551.4
2083.0,ssp585,8621865711.399998,1154621922.4488986,8587255011.759999
2084.0,ssp585,8863530227.399996,623695733.6540575,8436241077.079997
2085.0,ssp585,8197668797.600001,1221718048.4989703,8207544289.239996
2086.0,ssp585,7566758084.399997,941429212.8430158,8055567127.119995
2087.0,ssp585,7787898625.399996,991365400.5416818,7852794549.079996
2088.0,ssp585,7861979900.799993,1202931261.9646673,7715325985.479996
2089.0,ssp585,7849667337.2,1219195234.5424554,7794199650.079997
2090.0,ssp585,7510325979.599998,982698207.5652475,7669884295.679998
2091.0,ssp585,7961126407.400002,709776151.0495269,7575902501.24
2092.0,ssp585,7166321853.400002,1190550530.5525343,7526230803.000002
2093.0,ssp585,7392070928.6,1189536274.54655,7453358697.3600025
2094.0,ssp585,7601308846.000006,1218401334.2315924,7314409895.2
2095.0,ssp585,7145965451.400003,564326118.0694131,7233156591.359999
2096.0,ssp585,7266382396.599993,628142332.3993046,7135782561.719999
2097.0,ssp585,6760055334.200001,873060737.1771026,7077090526.359998
2098.0,ssp585,6905200780.4,714333797.2668797,7160315373.839998
2099.0,ssp585,7307848669.199997,643844797.9993119,
2100.0,ssp585,7562089688.800001,1022883810.881896,
